time,open,high,low,close,interval,pair
2023-04-13,1.64174,1.64461,1.62638,1.62837,D1,EURAUD
2023-04-13,1.47691,1.48043,1.47281,1.47348,D1,EURCAD
2023-04-13,0.88019,0.88388,0.87921,0.88209,D1,EURGBP
2023-04-13,146.318,146.883,146.075,146.458,D1,EURJPY
2023-04-13,1.09903,1.10678,1.09766,1.10473,D1,EURUSD
2023-04-13,1.86486,1.86803,1.84364,1.84606,D1,GBPAUD
2023-04-13,1.67747,1.67953,1.66974,1.67049,D1,GBPCAD
2023-04-13,166.191,166.843,165.399,166.026,D1,GBPJPY
2023-04-13,1.24824,1.25375,1.24759,1.25237,D1,GBPUSD
2023-04-13,1.34398,1.34479,1.33335,1.3339,D1,USDCAD
2023-04-13,0.89611,0.89746,0.88596,0.88945,D1,USDCHF
2023-04-13,133.134,133.395,132.021,132.57,D1,USDJPY
2023-04-14,1.62833,1.64044,1.62594,1.6384,D1,EURAUD
2023-04-14,1.47321,1.47541,1.4684,1.46861,D1,EURCAD
2023-04-14,0.88195,0.886,0.88128,0.88555,D1,EURGBP
2023-04-14,146.434,147.159,146.208,147.052,D1,EURJPY
2023-04-14,1.10462,1.10759,1.09724,1.09946,D1,EURUSD
2023-04-14,1.84584,1.85451,1.83976,1.84994,D1,GBPAUD
2023-04-14,1.66993,1.67126,1.65806,1.65809,D1,GBPCAD
2023-04-14,165.986,166.229,165.401,166.028,D1,GBPJPY
2023-04-14,1.25213,1.25461,1.23991,1.24137,D1,GBPUSD
2023-04-14,1.33375,1.33956,1.33006,1.33573,D1,USDCAD
2023-04-14,0.88911,0.8959,0.88668,0.89385,D1,USDCHF
2023-04-14,132.564,133.838,132.169,133.745,D1,USDJPY
2023-04-17,1.63846,1.64016,1.62991,1.63062,D1,EURAUD
2023-04-17,1.46806,1.46953,1.46229,1.46342,D1,EURCAD
2023-04-17,0.88413,0.88645,0.88209,0.88297,D1,EURGBP
2023-04-17,146.951,147.452,146.659,146.971,D1,EURJPY
2023-04-17,1.09886,1.09998,1.09093,1.09287,D1,EURUSD
2023-04-17,1.8493,1.85485,1.84576,1.84671,D1,GBPAUD
2023-04-17,1.65663,1.66268,1.65383,1.65745,D1,GBPCAD
2023-04-17,165.933,166.63,165.69,166.445,D1,GBPJPY
2023-04-17,1.24022,1.24383,1.23532,1.23769,D1,GBPUSD
2023-04-17,1.33546,1.34199,1.33426,1.33914,D1,USDCAD
2023-04-17,0.89397,0.89964,0.8922,0.89845,D1,USDCHF
2023-04-17,133.799,134.573,133.711,134.48,D1,USDJPY
2023-04-18,1.63035,1.63164,1.62463,1.63085,D1,EURAUD
2023-04-18,1.46326,1.46996,1.46143,1.46896,D1,EURCAD
2023-04-18,0.88273,0.8833,0.88094,0.88302,D1,EURGBP
2023-04-18,146.915,147.381,146.591,147.13,D1,EURJPY
2023-04-18,1.09269,1.0983,1.09202,1.09723,D1,EURUSD
2023-04-18,1.84659,1.85003,1.84001,1.84689,D1,GBPAUD
2023-04-18,1.65723,1.666,1.65645,1.66359,D1,GBPCAD
2023-04-18,166.399,167.007,166.119,166.614,D1,GBPJPY
2023-04-18,1.23757,1.24499,1.23602,1.24254,D1,GBPUSD
2023-04-18,1.33919,1.33994,1.33596,1.33886,D1,USDCAD
2023-04-18,0.89847,0.89875,0.89545,0.89636,D1,USDCHF
2023-04-18,134.463,134.705,133.863,134.093,D1,USDJPY
2023-04-19,1.63069,1.63466,1.6279,1.63186,D1,EURAUD
2023-04-19,1.46888,1.47501,1.46656,1.47448,D1,EURCAD
2023-04-19,0.88297,0.88381,0.87917,0.88085,D1,EURGBP
2023-04-19,147.127,147.862,146.918,147.565,D1,EURJPY
2023-04-19,1.09728,1.0984,1.09174,1.09558,D1,EURUSD
2023-04-19,1.84633,1.85667,1.84407,1.85261,D1,GBPAUD
2023-04-19,1.6631,1.67542,1.66228,1.67396,D1,GBPCAD
2023-04-19,166.597,167.968,166.485,167.519,D1,GBPJPY
2023-04-19,1.24231,1.24742,1.23922,1.24375,D1,GBPUSD
2023-04-19,1.33864,1.34669,1.33797,1.34587,D1,USDCAD
2023-04-19,0.89597,0.9003,0.89455,0.89753,D1,USDCHF
2023-04-19,134.085,135.139,133.953,134.688,D1,USDJPY
2023-04-20,1.6314,1.6361,1.62209,1.62706,D1,EURAUD
2023-04-20,1.47418,1.47991,1.47312,1.47824,D1,EURCAD
2023-04-20,0.88037,0.88258,0.87885,0.88158,D1,EURGBP
2023-04-20,147.574,147.833,147.019,147.254,D1,EURJPY
2023-04-20,1.09545,1.09898,1.09335,1.09698,D1,EURUSD
2023-04-20,1.85234,1.85525,1.84036,1.84558,D1,GBPAUD
2023-04-20,1.67374,1.67905,1.67252,1.67692,D1,GBPCAD
2023-04-20,167.539,167.703,166.839,167.034,D1,GBPJPY
2023-04-20,1.24384,1.24677,1.24046,1.24432,D1,GBPUSD
2023-04-20,1.34573,1.34894,1.34483,1.34766,D1,USDCAD
2023-04-20,0.89723,0.89832,0.89201,0.89244,D1,USDCHF
2023-04-20,134.699,134.973,134.012,134.235,D1,USDJPY
2023-04-21,1.62685,1.64293,1.62493,1.6418,D1,EURAUD
2023-04-21,1.4781,1.48831,1.47586,1.48789,D1,EURCAD
2023-04-21,0.88149,0.88614,0.88076,0.88314,D1,EURGBP
2023-04-21,147.25,147.564,146.4,147.402,D1,EURJPY
2023-04-21,1.09698,1.09938,1.09379,1.09894,D1,EURUSD
2023-04-21,1.84526,1.86056,1.84126,1.85903,D1,GBPAUD
2023-04-21,1.67671,1.68517,1.67337,1.68475,D1,GBPCAD
2023-04-21,167.021,167.078,165.511,166.896,D1,GBPJPY
2023-04-21,1.24414,1.24481,1.23668,1.24436,D1,GBPUSD
2023-04-21,1.34754,1.3563,1.34658,1.35395,D1,USDCAD
2023-04-21,0.89204,0.89544,0.89077,0.89208,D1,USDCHF
2023-04-21,134.234,134.49,133.547,134.125,D1,USDJPY
2023-04-24,1.6392,1.65146,1.63915,1.64973,D1,EURAUD
2023-04-24,1.48631,1.49673,1.48602,1.49564,D1,EURCAD
2023-04-24,0.88246,0.88595,0.88239,0.88469,D1,EURGBP
2023-04-24,147.165,148.471,147.067,148.283,D1,EURJPY
2023-04-24,1.09885,1.10501,1.09659,1.10446,D1,EURUSD
2023-04-24,1.85608,1.86602,1.85596,1.8647,D1,GBPAUD
2023-04-24,1.6829,1.69117,1.68222,1.69063,D1,GBPCAD
2023-04-24,166.672,167.716,166.536,167.611,D1,GBPJPY
2023-04-24,1.24384,1.24855,1.24106,1.24836,D1,GBPUSD
2023-04-24,1.35268,1.35674,1.35224,1.35423,D1,USDCAD
2023-04-24,0.8919,0.8928,0.88761,0.88768,D1,USDCHF
2023-04-24,133.97,134.731,133.891,134.261,D1,USDJPY
2023-04-25,1.64928,1.65875,1.64858,1.65638,D1,EURAUD
2023-04-25,1.49547,1.4991,1.49342,1.49533,D1,EURCAD
2023-04-25,0.88454,0.88753,0.88402,0.88425,D1,EURGBP
2023-04-25,148.282,148.626,146.286,146.745,D1,EURJPY
2023-04-25,1.10457,1.1067,1.09641,1.09746,D1,EURUSD
2023-04-25,1.86398,1.87509,1.86158,1.87316,D1,GBPAUD
2023-04-25,1.6905,1.69361,1.68683,1.69114,D1,GBPCAD
2023-04-25,167.608,167.954,165.42,165.95,D1,GBPJPY
2023-04-25,1.24847,1.25068,1.23866,1.24109,D1,GBPUSD
2023-04-25,1.35392,1.36478,1.35246,1.36261,D1,USDCAD
2023-04-25,0.88716,0.89276,0.88606,0.892,D1,USDCHF
2023-04-25,134.241,134.476,133.366,133.711,D1,USDJPY
2023-04-26,1.65582,1.67871,1.65267,1.6719,D1,EURAUD
2023-04-26,1.49501,1.51127,1.49274,1.5056,D1,EURCAD
2023-04-26,0.88408,0.88735,0.88363,0.88545,D1,EURGBP
2023-04-26,146.684,147.916,146.434,147.602,D1,EURJPY
2023-04-26,1.0973,1.10956,1.09604,1.10416,D1,EURUSD
2023-04-26,1.8726,1.89327,1.86979,1.88816,D1,GBPAUD
2023-04-26,1.69083,1.70454,1.68889,1.70044,D1,GBPCAD
2023-04-26,165.915,167.011,165.644,166.69,D1,GBPJPY
2023-04-26,1.24082,1.25154,1.24011,1.24697,D1,GBPUSD
2023-04-26,1.36246,1.3651,1.35992,1.36365,D1,USDCAD
2023-04-26,0.8918,0.89258,0.8852,0.89118,D1,USDCHF
2023-04-26,133.696,133.944,133.014,133.675,D1,USDJPY
2023-04-27,1.67149,1.67339,1.66244,1.66334,D1,EURAUD
2023-04-27,1.50488,1.50728,1.49761,1.49894,D1,EURCAD
2023-04-27,0.88524,0.8872,0.88226,0.88234,D1,EURGBP
2023-04-27,147.509,147.99,147.136,147.746,D1,EURJPY
2023-04-27,1.10382,1.10635,1.09922,1.10284,D1,EURUSD
2023-04-27,1.88796,1.88875,1.88043,1.88517,D1,GBPAUD
2023-04-27,1.6996,1.7015,1.69483,1.69889,D1,GBPCAD
2023-04-27,166.593,167.503,166.312,167.444,D1,GBPJPY
2023-04-27,1.24667,1.25,1.2436,1.24987,D1,GBPUSD
2023-04-27,1.36339,1.36455,1.35888,1.35928,D1,USDCAD
2023-04-27,0.89104,0.89764,0.89011,0.8943,D1,USDCHF
2023-04-27,133.642,134.194,133.212,133.987,D1,USDJPY
2023-04-28,1.66297,1.67157,1.66061,1.6651,D1,EURAUD
2023-04-28,1.49847,1.50312,1.49102,1.4919,D1,EURCAD
2023-04-28,0.88229,0.88392,0.87644,0.87652,D1,EURGBP
2023-04-28,147.718,150.433,146.857,150.042,D1,EURJPY
2023-04-28,1.10281,1.1045,1.09624,1.10163,D1,EURUSD
2023-04-28,1.88444,1.90354,1.88032,1.89968,D1,GBPAUD
2023-04-28,1.69799,1.70667,1.69615,1.70194,D1,GBPCAD
2023-04-28,167.39,171.162,166.44,171.106,D1,GBPJPY
2023-04-28,1.24963,1.25838,1.24464,1.25675,D1,GBPUSD
2023-04-28,1.35889,1.36678,1.35361,1.35429,D1,USDCAD
2023-04-28,0.89404,0.89753,0.88959,0.89455,D1,USDCHF
2023-04-28,133.977,136.562,133.333,136.278,D1,USDJPY
2023-05-01,1.66421,1.667,1.6504,1.65534,D1,EURAUD
2023-05-01,1.48988,1.49641,1.48403,1.48647,D1,EURCAD
2023-05-01,0.87666,0.87945,0.87601,0.87852,D1,EURGBP
2023-05-01,149.995,150.963,149.964,150.922,D1,EURJPY
2023-05-01,1.10119,1.10357,1.09644,1.09759,D1,EURUSD
2023-05-01,1.89739,1.90101,1.88099,1.88425,D1,GBPAUD
2023-05-01,1.69908,1.70319,1.69021,1.69211,D1,GBPCAD
2023-05-01,170.876,172.083,170.867,171.726,D1,GBPJPY
2023-05-01,1.2555,1.25699,1.24804,1.24934,D1,GBPUSD
2023-05-01,1.35321,1.35832,1.35303,1.35439,D1,USDCAD
2023-05-01,0.89128,0.89666,0.89128,0.89579,D1,USDCHF
2023-05-01,136.112,137.54,136.112,137.457,D1,USDJPY
2023-05-02,1.65521,1.65827,1.63563,1.65069,D1,EURAUD
2023-05-02,1.48622,1.4998,1.48281,1.49857,D1,EURCAD
2023-05-02,0.87823,0.88246,0.87633,0.88218,D1,EURGBP
2023-05-02,150.89,151.614,149.829,150.271,D1,EURJPY
2023-05-02,1.09755,1.1008,1.09422,1.09993,D1,EURUSD
2023-05-02,1.88427,1.88685,1.86064,1.87111,D1,GBPAUD
2023-05-02,1.69174,1.70139,1.68983,1.69878,D1,GBPCAD
2023-05-02,171.733,172.324,169.949,170.303,D1,GBPJPY
2023-05-02,1.24937,1.2512,1.24357,1.24679,D1,GBPUSD
2023-05-02,1.35416,1.36375,1.35281,1.36249,D1,USDCAD
2023-05-02,0.89535,0.89951,0.89238,0.89326,D1,USDCHF
2023-05-02,137.455,137.775,136.312,136.575,D1,USDJPY
2023-05-03,1.65048,1.6594,1.64985,1.65702,D1,EURAUD
2023-05-03,1.49832,1.50724,1.49676,1.50583,D1,EURCAD
2023-05-03,0.88207,0.8835,0.87958,0.88031,D1,EURGBP
2023-05-03,150.215,150.391,149.156,149.165,D1,EURJPY
2023-05-03,1.09983,1.10916,1.09969,1.106,D1,EURUSD
2023-05-03,1.87076,1.88292,1.86777,1.88229,D1,GBPAUD
2023-05-03,1.69848,1.71077,1.69674,1.71062,D1,GBPCAD
2023-05-03,170.249,170.374,169.141,169.413,D1,GBPJPY
2023-05-03,1.24663,1.25899,1.24599,1.25634,D1,GBPUSD
2023-05-03,1.36242,1.36393,1.35818,1.36159,D1,USDCAD
2023-05-03,0.89316,0.89316,0.88316,0.88472,D1,USDCHF
2023-05-03,136.545,136.616,134.825,134.831,D1,USDJPY
2023-05-04,1.65744,1.66689,1.64334,1.64552,D1,EURAUD
2023-05-04,1.5055,1.50981,1.49,1.4909,D1,EURCAD
2023-05-04,0.8802,0.88145,0.87455,0.87609,D1,EURGBP
2023-05-04,149.08,149.202,147.125,147.89,D1,EURJPY
2023-05-04,1.10606,1.10918,1.09862,1.10138,D1,EURUSD
2023-05-04,1.88264,1.89254,1.87402,1.87827,D1,GBPAUD
2023-05-04,1.71,1.71456,1.7015,1.70185,D1,GBPCAD
2023-05-04,169.301,169.539,168.054,168.795,D1,GBPJPY
2023-05-04,1.2563,1.25986,1.25385,1.25723,D1,GBPUSD
2023-05-04,1.36124,1.36326,1.35191,1.35374,D1,USDCAD
2023-05-04,0.88392,0.88913,0.88199,0.8858,D1,USDCHF
2023-05-04,134.742,134.878,133.497,134.26,D1,USDJPY
2023-05-05,1.64485,1.64626,1.63129,1.63158,D1,EURAUD
2023-05-05,1.49013,1.49232,1.47337,1.47358,D1,EURCAD
2023-05-05,0.87571,0.87678,0.87129,0.87237,D1,EURGBP
2023-05-05,147.847,148.703,147.53,148.563,D1,EURJPY
2023-05-05,1.10105,1.10479,1.09667,1.10182,D1,EURUSD
2023-05-05,1.87789,1.87917,1.8699,1.87027,D1,GBPAUD
2023-05-05,1.70145,1.70539,1.68899,1.68914,D1,GBPCAD
2023-05-05,168.787,170.612,168.484,170.276,D1,GBPJPY
2023-05-05,1.25711,1.26526,1.256,1.2631,D1,GBPUSD
2023-05-05,1.35361,1.35404,1.33712,1.33747,D1,USDCAD
2023-05-05,0.88577,0.89737,0.88344,0.89053,D1,USDCHF
2023-05-05,134.266,135.126,133.883,134.832,D1,USDJPY
2023-05-08,1.63233,1.63525,1.62119,1.62285,D1,EURAUD
2023-05-08,1.47416,1.47658,1.46954,1.47151,D1,EURCAD
2023-05-08,0.87154,0.87465,0.87102,0.87204,D1,EURGBP
2023-05-08,148.49,149.266,148.359,148.677,D1,EURJPY
2023-05-08,1.10226,1.10538,1.10001,1.10043,D1,EURUSD
2023-05-08,1.87043,1.87376,1.85903,1.86102,D1,GBPAUD
2023-05-08,1.68957,1.69182,1.68415,1.68754,D1,GBPCAD
2023-05-08,170.272,171.066,170.177,170.492,D1,GBPJPY
2023-05-08,1.2629,1.26687,1.26129,1.2619,D1,GBPUSD
2023-05-08,1.33768,1.33875,1.33148,1.33729,D1,USDCAD
2023-05-08,0.88876,0.89122,0.88678,0.88963,D1,USDCHF
2023-05-08,134.802,135.296,134.64,135.106,D1,USDJPY
2023-05-09,1.62242,1.62582,1.61968,1.6209,D1,EURAUD
2023-05-09,1.47111,1.47176,1.4658,1.4671,D1,EURCAD
2023-05-09,0.8719,0.87225,0.86794,0.86839,D1,EURGBP
2023-05-09,148.67,148.693,147.886,148.221,D1,EURJPY
2023-05-09,1.10033,1.1005,1.09411,1.09604,D1,EURUSD
2023-05-09,1.86049,1.8694,1.85902,1.86656,D1,GBPAUD
2023-05-09,1.68691,1.69133,1.68512,1.68948,D1,GBPCAD
2023-05-09,170.467,170.711,169.853,170.677,D1,GBPJPY
2023-05-09,1.26168,1.26397,1.2578,1.26212,D1,GBPUSD
2023-05-09,1.33704,1.34064,1.33586,1.33858,D1,USDCAD
2023-05-09,0.88922,0.8943,0.88885,0.89063,D1,USDCHF
2023-05-09,135.108,135.362,134.721,135.229,D1,USDJPY
2023-05-10,1.62066,1.62498,1.6136,1.62021,D1,EURAUD
2023-05-10,1.46668,1.47049,1.46321,1.46847,D1,EURCAD
2023-05-10,0.86835,0.87011,0.86703,0.86993,D1,EURGBP
2023-05-10,148.208,148.667,147.039,147.583,D1,EURJPY
2023-05-10,1.09606,1.1007,1.09417,1.0983,D1,EURUSD
2023-05-10,1.86604,1.87108,1.85873,1.86251,D1,GBPAUD
2023-05-10,1.68869,1.69158,1.6857,1.68812,D1,GBPCAD
2023-05-10,170.639,171.174,169.101,169.654,D1,GBPJPY
2023-05-10,1.26197,1.26798,1.26025,1.26252,D1,GBPUSD
2023-05-10,1.33818,1.34148,1.33347,1.33715,D1,USDCAD
2023-05-10,0.8902,0.89274,0.88684,0.88965,D1,USDCHF
2023-05-10,135.223,135.471,134.111,134.377,D1,USDJPY
2023-05-11,1.6198,1.63181,1.61784,1.62881,D1,EURAUD
2023-05-11,1.46819,1.47382,1.46311,1.47234,D1,EURCAD
2023-05-11,0.86973,0.87348,0.86612,0.8724,D1,EURGBP
2023-05-11,147.542,147.604,146.131,146.897,D1,EURJPY
2023-05-11,1.09818,1.09981,1.09002,1.09165,D1,EURUSD
2023-05-11,1.86209,1.87252,1.85908,1.86702,D1,GBPAUD
2023-05-11,1.68769,1.6921,1.68387,1.68774,D1,GBPCAD
2023-05-11,169.606,169.74,167.839,168.376,D1,GBPJPY
2023-05-11,1.26237,1.26405,1.24965,1.25129,D1,GBPUSD
2023-05-11,1.33698,1.34958,1.3363,1.34884,D1,USDCAD
2023-05-11,0.88939,0.89581,0.88679,0.89407,D1,USDCHF
2023-05-11,134.356,134.844,133.743,134.561,D1,USDJPY
2023-05-12,1.62835,1.63499,1.62654,1.63341,D1,EURAUD
2023-05-12,1.47215,1.47482,1.46733,1.47071,D1,EURCAD
2023-05-12,0.87225,0.87322,0.86934,0.87162,D1,EURGBP
2023-05-12,146.866,147.47,146.661,147.254,D1,EURJPY
2023-05-12,1.09149,1.09356,1.08478,1.08498,D1,EURUSD
2023-05-12,1.86652,1.8774,1.8647,1.87408,D1,GBPAUD
2023-05-12,1.68723,1.69198,1.68547,1.6873,D1,GBPCAD
2023-05-12,168.326,169.131,168.076,168.939,D1,GBPJPY
2023-05-12,1.25105,1.25409,1.24446,1.24481,D1,GBPUSD
2023-05-12,1.34873,1.35651,1.34761,1.35554,D1,USDCAD
2023-05-12,0.89403,0.89873,0.88972,0.89818,D1,USDCHF
2023-05-12,134.547,135.752,134.4,135.723,D1,USDJPY
2023-05-15,1.63147,1.63379,1.6212,1.62305,D1,EURAUD
2023-05-15,1.46857,1.47249,1.46372,1.46439,D1,EURCAD
2023-05-15,0.87063,0.8719,0.86773,0.86805,D1,EURGBP
2023-05-15,147.112,148.176,147.103,148.002,D1,EURJPY
2023-05-15,1.0853,1.08909,1.08454,1.08741,D1,EURUSD
2023-05-15,1.87043,1.87424,1.86453,1.86972,D1,GBPAUD
2023-05-15,1.68394,1.69191,1.68384,1.68697,D1,GBPCAD
2023-05-15,168.815,170.621,168.773,170.498,D1,GBPJPY
2023-05-15,1.2446,1.25345,1.24432,1.25268,D1,GBPUSD
2023-05-15,1.35328,1.35676,1.34592,1.34669,D1,USDCAD
2023-05-15,0.8956,0.89877,0.89424,0.89559,D1,USDCHF
2023-05-15,135.628,136.324,135.619,136.106,D1,USDJPY
2023-05-16,1.62282,1.6333,1.62072,1.63214,D1,EURAUD
2023-05-16,1.46404,1.46751,1.4586,1.46406,D1,EURCAD
2023-05-16,0.86792,0.87185,0.86706,0.87007,D1,EURGBP
2023-05-16,147.987,148.499,147.604,148.148,D1,EURJPY
2023-05-16,1.08736,1.09047,1.08549,1.08616,D1,EURUSD
2023-05-16,1.86947,1.87782,1.8642,1.87581,D1,GBPAUD
2023-05-16,1.68671,1.68845,1.67748,1.68271,D1,GBPCAD
2023-05-16,170.48,170.839,169.397,170.266,D1,GBPJPY
2023-05-16,1.25266,1.25465,1.24653,1.24833,D1,GBPUSD
2023-05-16,1.34648,1.34937,1.3404,1.34797,D1,USDCAD
2023-05-16,0.89536,0.89706,0.89197,0.89638,D1,USDCHF
2023-05-16,136.091,136.682,135.67,136.396,D1,USDJPY
2023-05-17,1.6319,1.6358,1.62412,1.62755,D1,EURAUD
2023-05-17,1.46372,1.46609,1.45619,1.45826,D1,EURCAD
2023-05-17,0.86994,0.87209,0.86702,0.86802,D1,EURGBP
2023-05-17,148.12,149.24,148.034,149.143,D1,EURJPY
2023-05-17,1.08617,1.08736,1.08103,1.08381,D1,EURUSD
2023-05-17,1.87561,1.87823,1.86794,1.87499,D1,GBPAUD
2023-05-17,1.68226,1.68304,1.67797,1.67999,D1,GBPCAD
2023-05-17,170.229,172.004,170.067,171.817,D1,GBPJPY
2023-05-17,1.24831,1.25103,1.24216,1.24857,D1,GBPUSD
2023-05-17,1.34768,1.35358,1.3437,1.34552,D1,USDCAD
2023-05-17,0.89606,0.90256,0.8949,0.89846,D1,USDCHF
2023-05-17,136.367,137.707,136.302,137.61,D1,USDJPY
2023-05-18,1.62737,1.63491,1.62535,1.62626,D1,EURAUD
2023-05-18,1.45799,1.46052,1.4512,1.45411,D1,EURCAD
2023-05-18,0.8678,0.87021,0.86677,0.86806,D1,EURGBP
2023-05-18,149.207,149.449,148.771,149.403,D1,EURJPY
2023-05-18,1.08377,1.0848,1.07625,1.07711,D1,EURUSD
2023-05-18,1.87467,1.88222,1.87084,1.8734,D1,GBPAUD
2023-05-18,1.67975,1.68139,1.67195,1.67508,D1,GBPCAD
2023-05-18,171.903,172.158,171.188,172.105,D1,GBPJPY
2023-05-18,1.24846,1.24928,1.23916,1.24077,D1,GBPUSD
2023-05-18,1.34531,1.35245,1.34417,1.35008,D1,USDCAD
2023-05-18,0.89824,0.90628,0.89774,0.90502,D1,USDCHF
2023-05-18,137.693,138.745,137.286,138.703,D1,USDJPY
2023-05-19,1.62625,1.62663,1.61997,1.62466,D1,EURAUD
2023-05-19,1.45368,1.46296,1.45208,1.45838,D1,EURCAD
2023-05-19,0.86775,0.86956,0.86684,0.86811,D1,EURGBP
2023-05-19,149.356,149.799,148.715,149.064,D1,EURJPY
2023-05-19,1.07686,1.08288,1.07599,1.08048,D1,EURUSD
2023-05-19,1.87373,1.87395,1.86407,1.87152,D1,GBPAUD
2023-05-19,1.67502,1.68574,1.67163,1.67991,D1,GBPCAD
2023-05-19,172.091,172.509,171.243,171.705,D1,GBPJPY
2023-05-19,1.24073,1.24843,1.23917,1.24461,D1,GBPUSD
2023-05-19,1.35,1.35236,1.34687,1.34974,D1,USDCAD
2023-05-19,0.90489,0.90587,0.89749,0.89927,D1,USDCHF
2023-05-19,138.694,138.722,137.424,137.964,D1,USDJPY
2023-05-22,1.62498,1.63115,1.62366,1.62556,D1,EURAUD
2023-05-22,1.45795,1.4627,1.45775,1.46033,D1,EURCAD
2023-05-22,0.86749,0.87046,0.86727,0.86937,D1,EURGBP
2023-05-22,149.006,149.924,148.805,149.858,D1,EURJPY
2023-05-22,1.08045,1.08314,1.07956,1.08131,D1,EURUSD
2023-05-22,1.87087,1.87741,1.86805,1.86975,D1,GBPAUD
2023-05-22,1.67848,1.68336,1.67746,1.67971,D1,GBPCAD
2023-05-22,171.622,172.578,171.194,172.37,D1,GBPJPY
2023-05-22,1.2438,1.2472,1.24138,1.24374,D1,GBPUSD
2023-05-22,1.34937,1.35189,1.34852,1.35057,D1,USDCAD
2023-05-22,0.89843,0.89973,0.8941,0.89773,D1,USDCHF
2023-05-22,137.986,138.688,137.491,138.584,D1,USDJPY
2023-05-23,1.62521,1.6309,1.62284,1.62939,D1,EURAUD
2023-05-23,1.45984,1.46174,1.45229,1.45428,D1,EURCAD
2023-05-23,0.8692,0.87189,0.86689,0.86751,D1,EURGBP
2023-05-23,149.822,150.055,149.101,149.267,D1,EURJPY
2023-05-23,1.0811,1.08205,1.07602,1.07709,D1,EURUSD
2023-05-23,1.86931,1.87896,1.8657,1.87819,D1,GBPAUD
2023-05-23,1.67917,1.67988,1.67153,1.67641,D1,GBPCAD
2023-05-23,172.337,172.622,171.28,172.061,D1,GBPJPY
2023-05-23,1.24353,1.24463,1.23728,1.24156,D1,GBPUSD
2023-05-23,1.35035,1.35485,1.34843,1.35024,D1,USDCAD
2023-05-23,0.89755,0.90296,0.89718,0.90131,D1,USDCHF
2023-05-23,138.579,138.91,138.242,138.586,D1,USDJPY
2023-05-24,1.62924,1.64734,1.62693,1.64293,D1,EURAUD
2023-05-24,1.45386,1.46372,1.45311,1.46133,D1,EURCAD
2023-05-24,0.86743,0.87096,0.86489,0.86934,D1,EURGBP
2023-05-24,149.222,149.937,148.841,149.923,D1,EURJPY
2023-05-24,1.07693,1.08014,1.07482,1.07505,D1,EURUSD
2023-05-24,1.87796,1.89348,1.87625,1.88979,D1,GBPAUD
2023-05-24,1.67576,1.68548,1.67489,1.68099,D1,GBPCAD
2023-05-24,171.999,172.791,171.224,172.448,D1,GBPJPY
2023-05-24,1.24132,1.24695,1.23576,1.23659,D1,GBPUSD
2023-05-24,1.35006,1.36057,1.34943,1.35937,D1,USDCAD
2023-05-24,0.90118,0.90671,0.90052,0.90503,D1,USDCHF
2023-05-24,138.564,139.471,138.229,139.452,D1,USDJPY
2023-05-25,1.6423,1.64977,1.64056,1.64881,D1,EURAUD
2023-05-25,1.46094,1.46317,1.45675,1.46307,D1,EURCAD
2023-05-25,0.86922,0.87057,0.86656,0.87047,D1,EURGBP
2023-05-25,149.894,150.314,149.282,150.201,D1,EURJPY
2023-05-25,1.07486,1.07566,1.07074,1.07251,D1,EURUSD
2023-05-25,1.88911,1.89773,1.8863,1.89399,D1,GBPAUD
2023-05-25,1.68048,1.68335,1.67815,1.68078,D1,GBPCAD
2023-05-25,172.414,172.772,171.682,172.544,D1,GBPJPY
2023-05-25,1.23633,1.2387,1.23079,1.23207,D1,GBPUSD
2023-05-25,1.35931,1.36447,1.35863,1.36427,D1,USDCAD
2023-05-25,0.90496,0.90734,0.90324,0.90586,D1,USDCHF
2023-05-25,139.461,140.227,138.811,140.042,D1,USDJPY
2023-05-26,1.64843,1.65159,1.64288,1.64542,D1,EURAUD
2023-05-26,1.46272,1.46488,1.45896,1.46034,D1,EURCAD
2023-05-26,0.87027,0.87098,0.86767,0.86848,D1,EURGBP
2023-05-26,150.164,150.933,149.794,150.789,D1,EURJPY
2023-05-26,1.07242,1.07587,1.07018,1.07258,D1,EURUSD
2023-05-26,1.8938,1.89699,1.88859,1.89462,D1,GBPAUD
2023-05-26,1.68037,1.68704,1.67876,1.68148,D1,GBPCAD
2023-05-26,172.511,173.731,172.201,173.603,D1,GBPJPY
2023-05-26,1.23203,1.23953,1.23107,1.23503,D1,GBPUSD
2023-05-26,1.36414,1.36545,1.36006,1.36156,D1,USDCAD
2023-05-26,0.90551,0.90745,0.90188,0.9049,D1,USDCHF
2023-05-26,140.028,140.723,139.494,140.592,D1,USDJPY
2023-05-29,1.643,1.64471,1.63698,1.63749,D1,EURAUD
2023-05-29,1.45773,1.4604,1.455,1.45529,D1,EURCAD
2023-05-29,0.86763,0.8695,0.86656,0.86673,D1,EURGBP
2023-05-29,150.531,151.066,150.094,150.396,D1,EURJPY
2023-05-29,1.07178,1.07436,1.07055,1.07093,D1,EURUSD
2023-05-29,1.89073,1.89364,1.88587,1.88921,D1,GBPAUD
2023-05-29,1.67826,1.68121,1.67691,1.67908,D1,GBPCAD
2023-05-29,173.377,173.952,172.946,173.522,D1,GBPJPY
2023-05-29,1.23325,1.23719,1.2332,1.23554,D1,GBPUSD
2023-05-29,1.3606,1.36192,1.35828,1.35901,D1,USDCAD
2023-05-29,0.90427,0.90621,0.90275,0.90428,D1,USDCHF
2023-05-29,140.567,140.916,140.111,140.438,D1,USDJPY
2023-05-30,1.63714,1.64785,1.63518,1.64686,D1,EURAUD
2023-05-30,1.45485,1.46133,1.45161,1.45969,D1,EURCAD
2023-05-30,0.86648,0.86735,0.86283,0.86483,D1,EURGBP
2023-05-30,150.352,150.628,149.733,150.047,D1,EURJPY
2023-05-30,1.07082,1.07467,1.06726,1.07346,D1,EURUSD
2023-05-30,1.8884,1.90744,1.88542,1.90415,D1,GBPAUD
2023-05-30,1.67828,1.69203,1.67644,1.68787,D1,GBPCAD
2023-05-30,173.463,174.274,172.988,173.486,D1,GBPJPY
2023-05-30,1.23516,1.24465,1.23271,1.2412,D1,GBPUSD
2023-05-30,1.35871,1.36133,1.35671,1.35986,D1,USDCAD
2023-05-30,0.90419,0.90842,0.90144,0.90578,D1,USDCHF
2023-05-30,140.431,140.93,139.568,139.775,D1,USDJPY
2023-05-31,1.64666,1.65155,1.64089,1.64343,D1,EURAUD
2023-05-31,1.45937,1.46119,1.44644,1.45047,D1,EURCAD
2023-05-31,0.86448,0.86502,0.85835,0.85901,D1,EURGBP
2023-05-31,150.015,150.103,148.59,148.9,D1,EURJPY
2023-05-31,1.0733,1.07356,1.06353,1.06885,D1,EURUSD
2023-05-31,1.90419,1.9184,1.89889,1.91314,D1,GBPAUD
2023-05-31,1.68741,1.69092,1.6819,1.68859,D1,GBPCAD
2023-05-31,173.48,173.643,172.525,173.338,D1,GBPJPY
2023-05-31,1.24108,1.24433,1.23479,1.24427,D1,GBPUSD
2023-05-31,1.35978,1.36512,1.35692,1.35708,D1,USDCAD
2023-05-31,0.90568,0.91476,0.90533,0.9105,D1,USDCHF
2023-05-31,139.773,140.411,139.233,139.307,D1,USDJPY
2023-06-01,1.64317,1.64703,1.63331,1.63728,D1,EURAUD
2023-06-01,1.45053,1.45391,1.44451,1.44721,D1,EURCAD
2023-06-01,0.85891,0.86044,0.85674,0.85911,D1,EURGBP
2023-06-01,148.907,149.68,148.618,149.379,D1,EURJPY
2023-06-01,1.06872,1.07686,1.06619,1.07615,D1,EURUSD
2023-06-01,1.91237,1.91685,1.90428,1.90576,D1,GBPAUD
2023-06-01,1.68821,1.69303,1.68376,1.68455,D1,GBPCAD
2023-06-01,173.315,174.191,172.957,173.867,D1,GBPJPY
2023-06-01,1.2438,1.25396,1.24007,1.25258,D1,GBPUSD
2023-06-01,1.35726,1.3585,1.34365,1.3449,D1,USDCAD
2023-06-01,0.91043,0.91141,0.90537,0.9057,D1,USDCHF
2023-06-01,139.328,139.95,138.433,138.806,D1,USDJPY
2023-06-02,1.63702,1.63765,1.6189,1.62083,D1,EURAUD
2023-06-02,1.44692,1.44761,1.437,1.43765,D1,EURCAD
2023-06-02,0.859,0.86054,0.85783,0.85988,D1,EURGBP
2023-06-02,149.346,149.962,148.965,149.849,D1,EURJPY
2023-06-02,1.07617,1.07791,1.07052,1.0706,D1,EURUSD
2023-06-02,1.90529,1.90628,1.88265,1.88483,D1,GBPAUD
2023-06-02,1.68399,1.68497,1.67092,1.67186,D1,GBPCAD
2023-06-02,173.818,174.676,173.663,174.254,D1,GBPJPY
2023-06-02,1.25246,1.25445,1.24413,1.245,D1,GBPUSD
2023-06-02,1.34459,1.3451,1.34067,1.34292,D1,USDCAD
2023-06-02,0.90535,0.90918,0.90348,0.90895,D1,USDCHF
2023-06-02,138.78,140.068,138.604,139.964,D1,USDJPY
2023-06-05,1.61784,1.62406,1.61454,1.61872,D1,EURAUD
2023-06-05,1.43647,1.44247,1.43404,1.44014,D1,EURCAD
2023-06-05,0.85913,0.8636,0.85853,0.8615,D1,EURGBP
2023-06-05,149.805,150.196,149.211,149.515,D1,EURJPY
2023-06-05,1.07071,1.07225,1.06747,1.07125,D1,EURUSD
2023-06-05,1.87822,1.88706,1.87203,1.87887,D1,GBPAUD
2023-06-05,1.66967,1.67196,1.66206,1.67169,D1,GBPCAD
2023-06-05,174.149,174.361,172.849,173.538,D1,GBPJPY
2023-06-05,1.24422,1.24535,1.23682,1.24341,D1,GBPUSD
2023-06-05,1.34178,1.34618,1.34127,1.34442,D1,USDCAD
2023-06-05,0.90776,0.91197,0.90522,0.90599,D1,USDCHF
2023-06-05,139.947,140.453,139.25,139.563,D1,USDJPY
2023-06-06,1.61853,1.62088,1.60112,1.60268,D1,EURAUD
2023-06-06,1.43978,1.44064,1.43176,1.43275,D1,EURCAD
2023-06-06,0.86137,0.86246,0.86,0.8607,D1,EURGBP
2023-06-06,149.482,149.694,148.818,149.329,D1,EURJPY
2023-06-06,1.07109,1.07329,1.06671,1.06923,D1,EURUSD
2023-06-06,1.8786,1.88135,1.85998,1.86206,D1,GBPAUD
2023-06-06,1.67101,1.67219,1.6628,1.66475,D1,GBPCAD
2023-06-06,173.522,173.773,172.672,173.493,D1,GBPJPY
2023-06-06,1.2432,1.24587,1.23915,1.24223,D1,GBPUSD
2023-06-06,1.34416,1.34522,1.33899,1.34012,D1,USDCAD
2023-06-06,0.90601,0.90982,0.90332,0.90768,D1,USDCHF
2023-06-06,139.569,139.992,139.095,139.661,D1,USDJPY
2023-06-07,1.60227,1.60964,1.59783,1.60824,D1,EURAUD
2023-06-07,1.43262,1.43819,1.42896,1.43041,D1,EURCAD
2023-06-07,0.86045,0.86128,0.85838,0.8601,D1,EURGBP
2023-06-07,149.276,150.019,148.632,149.972,D1,EURJPY
2023-06-07,1.06915,1.07398,1.06683,1.06982,D1,EURUSD
2023-06-07,1.86171,1.87121,1.85716,1.86979,D1,GBPAUD
2023-06-07,1.66459,1.67334,1.662,1.66314,D1,GBPCAD
2023-06-07,173.444,174.435,172.663,174.356,D1,GBPJPY
2023-06-07,1.24223,1.25001,1.2395,1.24381,D1,GBPUSD
2023-06-07,1.34002,1.34266,1.33211,1.33712,D1,USDCAD
2023-06-07,0.90741,0.9107,0.90431,0.91006,D1,USDCHF
2023-06-07,139.62,140.244,139.022,140.181,D1,USDJPY
2023-06-08,1.6079,1.60911,1.60184,1.60573,D1,EURAUD
2023-06-08,1.43011,1.44279,1.42825,1.43986,D1,EURCAD
2023-06-08,0.85997,0.86139,0.85833,0.85853,D1,EURGBP
2023-06-08,149.94,150.043,149.587,149.781,D1,EURJPY
2023-06-08,1.06975,1.07871,1.06913,1.07814,D1,EURUSD
2023-06-08,1.86924,1.87158,1.86311,1.87028,D1,GBPAUD
2023-06-08,1.66274,1.68025,1.66027,1.67718,D1,GBPCAD
2023-06-08,174.291,174.513,173.9,174.456,D1,GBPJPY
2023-06-08,1.2436,1.25607,1.24243,1.25579,D1,GBPUSD
2023-06-08,1.3369,1.33879,1.33339,1.33557,D1,USDCAD
2023-06-08,0.90996,0.91076,0.89898,0.8992,D1,USDCHF
2023-06-08,140.16,140.22,138.807,138.92,D1,USDJPY
2023-06-09,1.60534,1.61034,1.59369,1.59427,D1,EURAUD
2023-06-09,1.44002,1.44142,1.43193,1.43385,D1,EURCAD
2023-06-09,0.85832,0.85907,0.85412,0.85442,D1,EURGBP
2023-06-09,149.766,150.439,149.539,149.817,D1,EURJPY
2023-06-09,1.07823,1.07851,1.0743,1.07495,D1,EURUSD
2023-06-09,1.86964,1.87465,1.86412,1.86576,D1,GBPAUD
2023-06-09,1.67627,1.68001,1.67166,1.67797,D1,GBPCAD
2023-06-09,174.462,175.542,174.161,175.324,D1,GBPJPY
2023-06-09,1.2559,1.25903,1.2534,1.25795,D1,GBPUSD
2023-06-09,1.33554,1.33711,1.33131,1.33392,D1,USDCAD
2023-06-09,0.89883,0.90392,0.89836,0.90288,D1,USDCHF
2023-06-09,138.911,139.724,138.758,139.373,D1,USDJPY
2023-06-12,1.59288,1.59512,1.59095,1.59352,D1,EURAUD
2023-06-12,1.43209,1.43928,1.43179,1.43767,D1,EURCAD
2023-06-12,0.85389,0.86068,0.85308,0.85971,D1,EURGBP
2023-06-12,149.677,150.342,149.647,150.182,D1,EURJPY
2023-06-12,1.07448,1.07902,1.0733,1.07579,D1,EURUSD
2023-06-12,1.86083,1.86702,1.85004,1.85351,D1,GBPAUD
2023-06-12,1.67375,1.67926,1.67029,1.67234,D1,GBPCAD
2023-06-12,175.06,175.767,174.35,174.684,D1,GBPJPY
2023-06-12,1.2557,1.25994,1.24868,1.25133,D1,GBPUSD
2023-06-12,1.33308,1.33836,1.33146,1.33644,D1,USDCAD
2023-06-12,0.90151,0.91093,0.90136,0.90863,D1,USDCHF
2023-06-12,139.262,139.766,139.062,139.599,D1,USDJPY
2023-06-13,1.59331,1.59836,1.58804,1.59496,D1,EURAUD
2023-06-13,1.43774,1.44374,1.43458,1.43678,D1,EURCAD
2023-06-13,0.85963,0.86129,0.85534,0.85579,D1,EURGBP
2023-06-13,150.164,151.374,150.034,151.343,D1,EURJPY
2023-06-13,1.07567,1.08236,1.07509,1.07925,D1,EURUSD
2023-06-13,1.85308,1.86431,1.84678,1.86371,D1,GBPAUD
2023-06-13,1.67225,1.68052,1.6694,1.67892,D1,GBPCAD
2023-06-13,174.64,176.846,174.452,176.84,D1,GBPJPY
2023-06-13,1.25103,1.26248,1.24931,1.26108,D1,GBPUSD
2023-06-13,1.33658,1.33785,1.32857,1.33132,D1,USDCAD
2023-06-13,0.90871,0.90893,0.9032,0.90516,D1,USDCHF
2023-06-13,139.596,140.309,139.01,140.229,D1,USDJPY
2023-06-14,1.5948,1.59972,1.58748,1.59326,D1,EURAUD
2023-06-14,1.43672,1.44431,1.43381,1.44307,D1,EURCAD
2023-06-14,0.85565,0.85622,0.85411,0.85547,D1,EURGBP
2023-06-14,151.301,151.78,150.919,151.759,D1,EURJPY
2023-06-14,1.07923,1.0864,1.0774,1.08308,D1,EURUSD
2023-06-14,1.86345,1.87019,1.85712,1.86243,D1,GBPAUD
2023-06-14,1.67861,1.68822,1.67628,1.68691,D1,GBPCAD
2023-06-14,176.804,177.406,176.442,177.393,D1,GBPJPY
2023-06-14,1.261,1.2699,1.25905,1.26606,D1,GBPUSD
2023-06-14,1.33122,1.33529,1.32719,1.33245,D1,USDCAD
2023-06-14,0.9049,0.90604,0.89654,0.90124,D1,USDCHF
2023-06-14,140.211,140.273,139.282,140.11,D1,USDJPY
2023-06-15,1.59358,1.599,1.58484,1.5903,D1,EURAUD
2023-06-15,1.44265,1.44999,1.44092,1.44693,D1,EURCAD
2023-06-15,0.85514,0.85915,0.8542,0.85623,D1,EURGBP
2023-06-15,151.692,153.683,151.519,153.549,D1,EURJPY
2023-06-15,1.08303,1.09528,1.08039,1.09454,D1,EURUSD
2023-06-15,1.85346,1.86846,1.85346,1.85735,D1,GBPAUD
2023-06-15,1.68661,1.69044,1.68452,1.68998,D1,GBPCAD
2023-06-15,177.328,179.394,177.124,179.327,D1,GBPJPY
2023-06-15,1.26598,1.27855,1.26294,1.27834,D1,GBPUSD
2023-06-15,1.33211,1.33546,1.32098,1.32205,D1,USDCAD
2023-06-15,0.90081,0.90563,0.89074,0.89163,D1,USDCHF
2023-06-15,140.068,141.505,139.938,140.28,D1,USDJPY
2023-06-16,1.58998,1.59571,1.58752,1.59119,D1,EURAUD
2023-06-16,1.44655,1.4502,1.44099,1.44379,D1,EURCAD
2023-06-16,0.85594,0.85659,0.85215,0.85329,D1,EURGBP
2023-06-16,153.511,155.235,153.092,155.234,D1,EURJPY
2023-06-16,1.09425,1.09706,1.09176,1.09406,D1,EURUSD
2023-06-16,1.85719,1.86938,1.85429,1.86471,D1,GBPAUD
2023-06-16,1.68974,1.69786,1.68734,1.69166,D1,GBPCAD
2023-06-16,179.295,182.044,178.821,181.894,D1,GBPJPY
2023-06-16,1.27834,1.28482,1.27681,1.28202,D1,GBPUSD
2023-06-16,1.32183,1.32394,1.31776,1.31964,D1,USDCAD
2023-06-16,0.89138,0.89493,0.89018,0.89373,D1,USDCHF
2023-06-16,140.259,141.91,139.851,141.882,D1,USDJPY
2023-06-19,1.58721,1.60031,1.5853,1.59451,D1,EURAUD
2023-06-19,1.44143,1.44677,1.43974,1.44271,D1,EURCAD
2023-06-19,0.85268,0.8548,0.85183,0.85419,D1,EURGBP
2023-06-19,154.767,155.324,154.653,155.089,D1,EURJPY
2023-06-19,1.09273,1.09463,1.09073,1.09225,D1,EURUSD
2023-06-19,1.8596,1.87507,1.85814,1.8667,D1,GBPAUD
2023-06-19,1.68934,1.69526,1.68684,1.68905,D1,GBPCAD
2023-06-19,181.583,182.118,181.215,181.558,D1,GBPJPY
2023-06-19,1.28175,1.28367,1.27705,1.2787,D1,GBPUSD
2023-06-19,1.31808,1.32288,1.31788,1.32087,D1,USDCAD
2023-06-19,0.8935,0.89753,0.89272,0.89578,D1,USDCHF
2023-06-19,141.662,142.001,141.44,141.987,D1,USDJPY
2023-06-20,1.59388,1.61446,1.5917,1.6086,D1,EURAUD
2023-06-20,1.44236,1.44769,1.44159,1.44484,D1,EURCAD
2023-06-20,0.85331,0.85812,0.85272,0.85499,D1,EURGBP
2023-06-20,155.033,155.381,154.045,154.426,D1,EURJPY
2023-06-20,1.09197,1.09463,1.08918,1.09178,D1,EURUSD
2023-06-20,1.86302,1.88354,1.86167,1.88005,D1,GBPAUD
2023-06-20,1.68812,1.69286,1.68426,1.68918,D1,GBPCAD
2023-06-20,181.611,182.088,179.921,180.493,D1,GBPJPY
2023-06-20,1.27911,1.28064,1.27135,1.27636,D1,GBPUSD
2023-06-20,1.3207,1.32697,1.32054,1.32323,D1,USDCAD
2023-06-20,0.89548,0.90012,0.89439,0.89775,D1,USDCHF
2023-06-20,141.978,142.249,141.213,141.441,D1,USDJPY
2023-06-21,1.60802,1.61869,1.60591,1.6163,D1,EURAUD
2023-06-21,1.44484,1.44673,1.4417,1.44614,D1,EURCAD
2023-06-21,0.85479,0.86088,0.85246,0.8602,D1,EURGBP
2023-06-21,154.436,155.912,154.092,155.884,D1,EURJPY
2023-06-21,1.09176,1.09908,1.09056,1.09856,D1,EURUSD
2023-06-21,1.88004,1.88968,1.87472,1.87837,D1,GBPAUD
2023-06-21,1.68894,1.69274,1.67745,1.68054,D1,GBPCAD
2023-06-21,180.492,181.602,179.922,181.143,D1,GBPJPY
2023-06-21,1.27639,1.28027,1.26911,1.27675,D1,GBPUSD
2023-06-21,1.3233,1.32459,1.31572,1.31626,D1,USDCAD
2023-06-21,0.89749,0.89982,0.89198,0.89301,D1,USDCHF
2023-06-21,141.457,142.371,141.28,141.877,D1,USDJPY
2023-06-22,1.6162,1.62591,1.61367,1.62146,D1,EURAUD
2023-06-22,1.44578,1.44868,1.44014,1.44055,D1,EURCAD
2023-06-22,0.85983,0.86364,0.85718,0.85882,D1,EURGBP
2023-06-22,155.893,156.93,155.549,156.783,D1,EURJPY
2023-06-22,1.09856,1.10122,1.09486,1.09551,D1,EURUSD
2023-06-22,1.87839,1.89081,1.87367,1.88653,D1,GBPAUD
2023-06-22,1.68054,1.68891,1.6741,1.67623,D1,GBPCAD
2023-06-22,181.012,182.557,180.707,182.424,D1,GBPJPY
2023-06-22,1.27683,1.28448,1.27256,1.27463,D1,GBPUSD
2023-06-22,1.3162,1.31793,1.31389,1.31509,D1,USDCAD
2023-06-22,0.89289,0.89724,0.89068,0.89455,D1,USDCHF
2023-06-22,141.751,143.227,141.609,143.109,D1,USDJPY
2023-06-23,1.62074,1.63381,1.6189,1.63085,D1,EURAUD
2023-06-23,1.44051,1.44238,1.43163,1.43524,D1,EURCAD
2023-06-23,0.85905,0.8608,0.85358,0.85634,D1,EURGBP
2023-06-23,156.727,156.826,155.057,156.55,D1,EURJPY
2023-06-23,1.09551,1.09586,1.08444,1.08898,D1,EURUSD
2023-06-23,1.8843,1.90963,1.8834,1.90421,D1,GBPAUD
2023-06-23,1.67569,1.68315,1.67364,1.67575,D1,GBPCAD
2023-06-23,182.42,182.94,181.248,182.68,D1,GBPJPY
2023-06-23,1.27407,1.27488,1.26847,1.27143,D1,GBPUSD
2023-06-23,1.31481,1.32257,1.31429,1.31795,D1,USDCAD
2023-06-23,0.89418,0.90132,0.89365,0.89683,D1,USDCHF
2023-06-23,143.085,143.87,142.678,143.696,D1,USDJPY
2023-06-26,1.63075,1.63643,1.62944,1.63362,D1,EURAUD
2023-06-26,1.43598,1.43793,1.43252,1.43441,D1,EURCAD
2023-06-26,0.85737,0.85948,0.85429,0.85777,D1,EURGBP
2023-06-26,156.323,156.724,155.751,156.509,D1,EURJPY
2023-06-26,1.09047,1.09202,1.08873,1.09053,D1,EURUSD
2023-06-26,1.90046,1.91009,1.8998,1.90394,D1,GBPAUD
2023-06-26,1.67479,1.67825,1.66969,1.67203,D1,GBPCAD
2023-06-26,182.308,182.985,181.681,182.411,D1,GBPJPY
2023-06-26,1.27074,1.27486,1.26878,1.27108,D1,GBPUSD
2023-06-26,1.31787,1.31813,1.31361,1.31527,D1,USDCAD
2023-06-26,0.897,0.897,0.89119,0.89534,D1,USDCHF
2023-06-26,143.476,143.712,142.938,143.502,D1,USDJPY
2023-06-27,1.63363,1.64136,1.62575,1.63908,D1,EURAUD
2023-06-27,1.43395,1.44617,1.43277,1.44575,D1,EURCAD
2023-06-27,0.85767,0.86134,0.85677,0.85957,D1,EURGBP
2023-06-27,156.427,157.938,156.382,157.91,D1,EURJPY
2023-06-27,1.09052,1.09769,1.09018,1.09599,D1,EURUSD
2023-06-27,1.90385,1.90908,1.89407,1.90648,D1,GBPAUD
2023-06-27,1.6713,1.68167,1.66996,1.68161,D1,GBPCAD
2023-06-27,182.394,183.761,182.226,183.666,D1,GBPJPY
2023-06-27,1.27073,1.27594,1.27033,1.27483,D1,GBPUSD
2023-06-27,1.31469,1.31911,1.31164,1.31905,D1,USDCAD
2023-06-27,0.89531,0.89703,0.89236,0.89351,D1,USDCHF
2023-06-27,143.5,144.175,143.282,144.062,D1,USDJPY
2023-06-28,1.63895,1.6554,1.63716,1.65319,D1,EURAUD
2023-06-28,1.44578,1.45172,1.44429,1.44639,D1,EURCAD
2023-06-28,0.8596,0.86582,0.85872,0.86354,D1,EURGBP
2023-06-28,157.866,157.999,157.227,157.663,D1,EURJPY
2023-06-28,1.09603,1.09626,1.08968,1.09124,D1,EURUSD
2023-06-28,1.90636,1.92404,1.90379,1.91406,D1,GBPAUD
2023-06-28,1.68159,1.68353,1.6715,1.67473,D1,GBPCAD
2023-06-28,183.666,183.683,182.142,182.552,D1,GBPJPY
2023-06-28,1.27485,1.27518,1.26064,1.26345,D1,GBPUSD
2023-06-28,1.3191,1.32765,1.3188,1.32554,D1,USDCAD
2023-06-28,0.89333,0.89871,0.89205,0.8968,D1,USDCHF
2023-06-28,144.062,144.617,143.729,144.481,D1,USDJPY
2023-06-29,1.64941,1.6544,1.63997,1.6418,D1,EURAUD
2023-06-29,1.4465,1.45054,1.4392,1.43944,D1,EURCAD
2023-06-29,0.86353,0.86436,0.86101,0.86106,D1,EURGBP
2023-06-29,157.673,157.919,157.244,157.249,D1,EURJPY
2023-06-29,1.09123,1.09415,1.08602,1.08631,D1,EURUSD
2023-06-29,1.91326,1.91589,1.90104,1.9061,D1,GBPAUD
2023-06-29,1.67477,1.67915,1.66972,1.67131,D1,GBPCAD
2023-06-29,182.539,182.878,182.213,182.54,D1,GBPJPY
2023-06-29,1.26348,1.26669,1.2591,1.26119,D1,GBPUSD
2023-06-29,1.32554,1.32855,1.3239,1.32504,D1,USDCAD
2023-06-29,0.89657,0.90017,0.89431,0.89931,D1,USDCHF
2023-06-29,144.478,144.898,144.13,144.733,D1,USDJPY
2023-06-30,1.64184,1.64615,1.63559,1.63782,D1,EURAUD
2023-06-30,1.43987,1.44702,1.4366,1.44485,D1,EURCAD
2023-06-30,0.86108,0.86177,0.85761,0.85896,D1,EURGBP
2023-06-30,157.269,157.879,156.679,157.38,D1,EURJPY
2023-06-30,1.08632,1.09319,1.08354,1.09092,D1,EURUSD
2023-06-30,1.90586,1.91145,1.90222,1.90408,D1,GBPAUD
2023-06-30,1.66984,1.68472,1.669,1.68126,D1,GBPCAD
2023-06-30,182.555,183.873,182.198,183.19,D1,GBPJPY
2023-06-30,1.26129,1.27276,1.25993,1.2693,D1,GBPUSD
2023-06-30,1.32498,1.32852,1.32066,1.32444,D1,USDCAD
2023-06-30,0.89895,0.90166,0.89352,0.89505,D1,USDCHF
2023-06-30,144.733,145.069,144.2,144.297,D1,USDJPY
2023-07-03,1.63682,1.64341,1.6315,1.63507,D1,EURAUD
2023-07-03,1.4442,1.44693,1.44228,1.44402,D1,EURCAD
2023-07-03,0.85879,0.86055,0.85779,0.85939,D1,EURGBP
2023-07-03,157.423,157.955,157.218,157.9,D1,EURJPY
2023-07-03,1.0909,1.0934,1.08702,1.09103,D1,EURUSD
2023-07-03,1.90279,1.91262,1.89786,1.90193,D1,GBPAUD
2023-07-03,1.67972,1.68373,1.67773,1.68018,D1,GBPCAD
2023-07-03,183.065,183.754,183.043,183.599,D1,GBPJPY
2023-07-03,1.26849,1.27232,1.26583,1.26907,D1,GBPUSD
2023-07-03,1.32369,1.32734,1.32301,1.3242,D1,USDCAD
2023-07-03,0.8942,0.90043,0.89359,0.89618,D1,USDCHF
2023-07-03,144.351,144.911,143.981,144.637,D1,USDJPY
2023-07-04,1.63442,1.64121,1.62516,1.62544,D1,EURAUD
2023-07-04,1.444,1.44632,1.43806,1.43841,D1,EURCAD
2023-07-04,0.85918,0.86,0.85537,0.85551,D1,EURGBP
2023-07-04,157.839,157.91,157.134,157.151,D1,EURJPY
2023-07-04,1.09102,1.09163,1.08767,1.08784,D1,EURUSD
2023-07-04,1.90138,1.91,1.89712,1.89875,D1,GBPAUD
2023-07-04,1.68087,1.68384,1.67884,1.6807,D1,GBPCAD
2023-07-04,183.615,183.906,183.229,183.669,D1,GBPJPY
2023-07-04,1.26911,1.27391,1.26748,1.27091,D1,GBPUSD
2023-07-04,1.3242,1.32567,1.3203,1.32222,D1,USDCAD
2023-07-04,0.89599,0.89746,0.89456,0.8968,D1,USDCHF
2023-07-04,144.643,144.699,144.204,144.442,D1,USDJPY
2023-07-05,1.62528,1.63528,1.6231,1.63084,D1,EURAUD
2023-07-05,1.43847,1.44755,1.43734,1.44129,D1,EURCAD
2023-07-05,0.85539,0.8576,0.8542,0.85421,D1,EURGBP
2023-07-05,157.06,157.721,156.78,157.01,D1,EURJPY
2023-07-05,1.0879,1.09079,1.0851,1.08534,D1,EURUSD
2023-07-05,1.89865,1.90923,1.8958,1.90886,D1,GBPAUD
2023-07-05,1.68043,1.68967,1.67944,1.68703,D1,GBPCAD
2023-07-05,183.505,184.011,183.148,183.766,D1,GBPJPY
2023-07-05,1.2709,1.27353,1.2688,1.27036,D1,GBPUSD
2023-07-05,1.32198,1.3293,1.32158,1.3279,D1,USDCAD
2023-07-05,0.89586,0.89946,0.89545,0.89852,D1,USDCHF
2023-07-05,144.445,144.733,144.078,144.643,D1,USDJPY
2023-07-06,1.63065,1.64409,1.62496,1.64246,D1,EURAUD
2023-07-06,1.44113,1.45626,1.44022,1.45484,D1,EURCAD
2023-07-06,0.85424,0.85644,0.85207,0.85464,D1,EURGBP
2023-07-06,156.992,157.195,155.839,156.851,D1,EURJPY
2023-07-06,1.08533,1.09007,1.08336,1.08883,D1,EURUSD
2023-07-06,1.90837,1.92337,1.90079,1.92277,D1,GBPAUD
2023-07-06,1.68642,1.70344,1.68406,1.70271,D1,GBPCAD
2023-07-06,183.735,184.004,182.497,183.53,D1,GBPJPY
2023-07-06,1.26906,1.27808,1.26734,1.27395,D1,GBPUSD
2023-07-06,1.32788,1.33724,1.32749,1.33651,D1,USDCAD
2023-07-06,0.89821,0.89976,0.89503,0.89512,D1,USDCHF
2023-07-06,144.643,144.652,143.553,144.055,D1,USDJPY
2023-07-07,1.64331,1.64647,1.63674,1.63847,D1,EURAUD
2023-07-07,1.45495,1.45714,1.45115,1.45593,D1,EURCAD
2023-07-07,0.85419,0.85542,0.85252,0.85395,D1,EURGBP
2023-07-07,156.823,156.93,155.383,155.818,D1,EURJPY
2023-07-07,1.08853,1.09734,1.08671,1.0968,D1,EURUSD
2023-07-07,1.92274,1.92822,1.9166,1.91795,D1,GBPAUD
2023-07-07,1.70263,1.70697,1.69995,1.70409,D1,GBPCAD
2023-07-07,183.521,183.561,182.018,182.411,D1,GBPJPY
2023-07-07,1.27312,1.28494,1.27257,1.28383,D1,GBPUSD
2023-07-07,1.33629,1.33869,1.32658,1.3275,D1,USDCAD
2023-07-07,0.8951,0.89702,0.88753,0.88906,D1,USDCHF
2023-07-07,144.059,144.196,142.068,142.088,D1,USDJPY
2023-07-10,1.63806,1.65253,1.63672,1.6478,D1,EURAUD
2023-07-10,1.4545,1.46089,1.45348,1.46088,D1,EURCAD
2023-07-10,0.85363,0.85843,0.85309,0.85525,D1,EURGBP
2023-07-10,155.732,156.672,155.326,155.451,D1,EURJPY
2023-07-10,1.0959,1.10015,1.09436,1.10007,D1,EURUSD
2023-07-10,1.91737,1.93015,1.91648,1.92646,D1,GBPAUD
2023-07-10,1.70161,1.70841,1.69555,1.70793,D1,GBPCAD
2023-07-10,182.312,183.22,181.095,181.732,D1,GBPJPY
2023-07-10,1.28256,1.28682,1.27501,1.28607,D1,GBPUSD
2023-07-10,1.32708,1.33043,1.32677,1.32799,D1,USDCAD
2023-07-10,0.89,0.89179,0.88514,0.8852,D1,USDCHF
2023-07-10,142.121,143.005,141.275,141.299,D1,USDJPY
2023-07-11,1.64776,1.65211,1.64482,1.64619,D1,EURAUD
2023-07-11,1.46067,1.462,1.45594,1.45633,D1,EURCAD
2023-07-11,0.85526,0.85612,0.85039,0.85107,D1,EURGBP
2023-07-11,155.493,155.671,154.176,154.517,D1,EURJPY
2023-07-11,1.10008,1.1027,1.09769,1.10079,D1,EURUSD
2023-07-11,1.92637,1.93922,1.92309,1.93394,D1,GBPAUD
2023-07-11,1.70725,1.71583,1.70547,1.71079,D1,GBPCAD
2023-07-11,181.784,181.985,180.789,181.517,D1,GBPJPY
2023-07-11,1.28563,1.29349,1.28507,1.293,D1,GBPUSD
2023-07-11,1.32771,1.32894,1.32298,1.32299,D1,USDCAD
2023-07-11,0.88514,0.8857,0.87929,0.8793,D1,USDCHF
2023-07-11,141.299,141.457,140.159,140.353,D1,USDJPY
2023-07-12,1.64589,1.64994,1.63544,1.6402,D1,EURAUD
2023-07-12,1.4562,1.46954,1.45431,1.46765,D1,EURCAD
2023-07-12,0.85111,0.85757,0.84996,0.85694,D1,EURGBP
2023-07-12,154.528,154.528,153.336,154.081,D1,EURJPY
2023-07-12,1.10074,1.11404,1.09972,1.11292,D1,EURUSD
2023-07-12,1.93344,1.93605,1.91149,1.91275,D1,GBPAUD
2023-07-12,1.71067,1.71638,1.70604,1.71253,D1,GBPCAD
2023-07-12,181.514,181.514,179.466,179.858,D1,GBPJPY
2023-07-12,1.29321,1.30007,1.2904,1.29868,D1,GBPUSD
2023-07-12,1.32284,1.32339,1.31435,1.31866,D1,USDCAD
2023-07-12,0.87927,0.87991,0.86591,0.86717,D1,USDCHF
2023-07-12,140.357,140.375,138.153,138.491,D1,USDJPY
2023-07-13,1.64003,1.64137,1.62335,1.62944,D1,EURAUD
2023-07-13,1.46701,1.47281,1.46516,1.47151,D1,EURCAD
2023-07-13,0.85669,0.85749,0.8535,0.85452,D1,EURGBP
2023-07-13,154.024,155.13,153.862,154.984,D1,EURJPY
2023-07-13,1.11251,1.12279,1.11251,1.12252,D1,EURUSD
2023-07-13,1.91219,1.91453,1.90148,1.90662,D1,GBPAUD
2023-07-13,1.71227,1.72497,1.7084,1.72182,D1,GBPCAD
2023-07-13,179.724,181.459,179.485,181.324,D1,GBPJPY
2023-07-13,1.29856,1.31409,1.29746,1.31348,D1,GBPUSD
2023-07-13,1.31828,1.31946,1.31036,1.31073,D1,USDCAD
2023-07-13,0.86709,0.86731,0.85822,0.8587,D1,USDCHF
2023-07-13,138.483,138.956,137.921,138.038,D1,USDJPY
2023-07-14,1.62812,1.6431,1.6266,1.64281,D1,EURAUD
2023-07-14,1.46977,1.48558,1.46829,1.4841,D1,EURCAD
2023-07-14,0.85453,0.85744,0.85365,0.85739,D1,EURGBP
2023-07-14,154.778,156.133,154.161,155.896,D1,EURJPY
2023-07-14,1.12257,1.1245,1.12028,1.12303,D1,EURUSD
2023-07-14,1.90662,1.91651,1.90237,1.91607,D1,GBPAUD
2023-07-14,1.72092,1.73348,1.71853,1.73098,D1,GBPCAD
2023-07-14,181.317,182.283,180.188,181.815,D1,GBPJPY
2023-07-14,1.31291,1.31422,1.30934,1.30979,D1,GBPUSD
2023-07-14,1.3106,1.32202,1.30924,1.32159,D1,USDCAD
2023-07-14,0.85863,0.86313,0.85661,0.8621,D1,USDCHF
2023-07-14,138.028,139.155,137.233,138.81,D1,USDJPY
2023-07-17,1.6388,1.65223,1.6388,1.64808,D1,EURAUD
2023-07-17,1.4831,1.48719,1.47767,1.48259,D1,EURCAD
2023-07-17,0.85677,0.85983,0.85561,0.85938,D1,EURGBP
2023-07-17,155.84,156.338,155.095,155.859,D1,EURJPY
2023-07-17,1.12288,1.12488,1.12033,1.12314,D1,EURUSD
2023-07-17,1.91162,1.92335,1.91111,1.91782,D1,GBPAUD
2023-07-17,1.72901,1.73298,1.72142,1.72538,D1,GBPCAD
2023-07-17,181.75,182.145,180.57,181.331,D1,GBPJPY
2023-07-17,1.30824,1.31089,1.30509,1.30725,D1,GBPUSD
2023-07-17,1.32081,1.32321,1.31607,1.31971,D1,USDCAD
2023-07-17,0.8608,0.86304,0.85782,0.86038,D1,USDCHF
2023-07-17,138.69,139.405,137.994,138.703,D1,USDJPY
2023-07-18,1.64806,1.65439,1.64295,1.64832,D1,EURAUD
2023-07-18,1.48257,1.48806,1.47796,1.47849,D1,EURCAD
2023-07-18,0.85938,0.86141,0.85768,0.86119,D1,EURGBP
2023-07-18,155.856,156.141,154.874,155.875,D1,EURJPY
2023-07-18,1.12314,1.12758,1.12089,1.1228,D1,EURUSD
2023-07-18,1.91687,1.92725,1.91322,1.91371,D1,GBPAUD
2023-07-18,1.72533,1.733,1.71614,1.71644,D1,GBPCAD
2023-07-18,181.429,181.839,180.359,180.972,D1,GBPJPY
2023-07-18,1.30725,1.31256,1.3028,1.30343,D1,GBPUSD
2023-07-18,1.31922,1.32432,1.31667,1.3167,D1,USDCAD
2023-07-18,0.86046,0.86069,0.85549,0.85737,D1,USDCHF
2023-07-18,138.705,139.132,137.682,138.822,D1,USDJPY
2023-07-19,1.64491,1.66032,1.64378,1.6536,D1,EURAUD
2023-07-19,1.47819,1.48045,1.47248,1.47405,D1,EURCAD
2023-07-19,0.86119,0.87014,0.85949,0.86559,D1,EURGBP
2023-07-19,155.873,157.201,155.677,156.465,D1,EURJPY
2023-07-19,1.12263,1.12402,1.11744,1.11986,D1,EURUSD
2023-07-19,1.91041,1.92084,1.90074,1.91054,D1,GBPAUD
2023-07-19,1.71606,1.71728,1.6947,1.70227,D1,GBPCAD
2023-07-19,180.931,181.626,179.818,180.681,D1,GBPJPY
2023-07-19,1.3034,1.30414,1.28674,1.29391,D1,GBPUSD
2023-07-19,1.31672,1.31932,1.31554,1.3163,D1,USDCAD
2023-07-19,0.85661,0.86134,0.85654,0.85837,D1,USDCHF
2023-07-19,138.824,139.992,138.749,139.634,D1,USDJPY
2023-07-20,1.65245,1.65558,1.63819,1.64157,D1,EURAUD
2023-07-20,1.47413,1.47596,1.46484,1.4658,D1,EURCAD
2023-07-20,0.86529,0.86982,0.86478,0.8648,D1,EURGBP
2023-07-20,156.258,156.624,155.861,155.894,D1,EURJPY
2023-07-20,1.11991,1.1229,1.11185,1.1129,D1,EURUSD
2023-07-20,1.90981,1.91154,1.88515,1.89787,D1,GBPAUD
2023-07-20,1.70226,1.70339,1.69044,1.69464,D1,GBPCAD
2023-07-20,180.566,180.715,179.692,180.226,D1,GBPJPY
2023-07-20,1.29387,1.29642,1.28398,1.28665,D1,GBPUSD
2023-07-20,1.31636,1.31943,1.31193,1.31705,D1,USDCAD
2023-07-20,0.85846,0.86839,0.85605,0.86632,D1,USDCHF
2023-07-20,139.541,140.497,139.107,140.065,D1,USDJPY
2023-07-21,1.641,1.65392,1.6396,1.65234,D1,EURAUD
2023-07-21,1.46552,1.47135,1.46323,1.47098,D1,EURCAD
2023-07-21,0.86355,0.868,0.86342,0.86544,D1,EURGBP
2023-07-21,155.895,158.047,155.585,157.708,D1,EURJPY
2023-07-21,1.11291,1.11449,1.1108,1.11246,D1,EURUSD
2023-07-21,1.89705,1.91113,1.89591,1.90887,D1,GBPAUD
2023-07-21,1.69405,1.70023,1.68949,1.69936,D1,GBPCAD
2023-07-21,180.171,182.527,179.905,182.263,D1,GBPJPY
2023-07-21,1.28663,1.2904,1.28158,1.28517,D1,GBPUSD
2023-07-21,1.31713,1.32264,1.31532,1.32227,D1,USDCAD
2023-07-21,0.86632,0.86726,0.86408,0.86565,D1,USDCHF
2023-07-21,140.068,141.952,139.747,141.778,D1,USDJPY
2023-07-24,1.6503,1.65609,1.64031,1.64146,D1,EURAUD
2023-07-24,1.4697,1.47181,1.4562,1.45678,D1,EURCAD
2023-07-24,0.86494,0.86593,0.86193,0.86256,D1,EURGBP
2023-07-24,157.349,157.783,156.24,156.498,D1,EURJPY
2023-07-24,1.11213,1.1147,1.10603,1.10641,D1,EURUSD
2023-07-24,1.90682,1.91387,1.8989,1.9029,D1,GBPAUD
2023-07-24,1.6983,1.70176,1.68588,1.68907,D1,GBPCAD
2023-07-24,181.901,182.341,180.746,181.447,D1,GBPJPY
2023-07-24,1.2849,1.28838,1.27978,1.28247,D1,GBPUSD
2023-07-24,1.3219,1.32287,1.31502,1.31651,D1,USDCAD
2023-07-24,0.8652,0.86994,0.86375,0.86959,D1,USDCHF
2023-07-24,141.631,141.81,140.739,141.468,D1,USDJPY
2023-07-25,1.63911,1.6451,1.62613,1.627,D1,EURAUD
2023-07-25,1.45645,1.45845,1.45299,1.45556,D1,EURCAD
2023-07-25,0.86257,0.86371,0.85651,0.85685,D1,EURGBP
2023-07-25,156.469,156.89,155.612,155.705,D1,EURJPY
2023-07-25,1.10636,1.10869,1.10206,1.10497,D1,EURUSD
2023-07-25,1.90029,1.90481,1.89332,1.89954,D1,GBPAUD
2023-07-25,1.68767,1.6997,1.68631,1.69934,D1,GBPCAD
2023-07-25,181.45,182.009,181.141,181.795,D1,GBPJPY
2023-07-25,1.28208,1.29046,1.28075,1.29019,D1,GBPUSD
2023-07-25,1.31625,1.32094,1.31468,1.31704,D1,USDCAD
2023-07-25,0.86923,0.87,0.86356,0.86356,D1,USDCHF
2023-07-25,141.466,141.743,140.849,140.899,D1,USDJPY
2023-07-26,1.62697,1.64398,1.62632,1.64031,D1,EURAUD
2023-07-26,1.45537,1.46563,1.45334,1.46402,D1,EURCAD
2023-07-26,0.85673,0.85864,0.85608,0.85654,D1,EURGBP
2023-07-26,155.771,155.985,155.145,155.454,D1,EURJPY
2023-07-26,1.105,1.11065,1.10378,1.10852,D1,EURUSD
2023-07-26,1.89944,1.91842,1.8913,1.91484,D1,GBPAUD
2023-07-26,1.6984,1.71046,1.69435,1.70903,D1,GBPCAD
2023-07-26,181.734,181.949,180.907,181.48,D1,GBPJPY
2023-07-26,1.29014,1.296,1.28751,1.29405,D1,GBPUSD
2023-07-26,1.31628,1.32379,1.31619,1.32059,D1,USDCAD
2023-07-26,0.86296,0.86559,0.8597,0.86069,D1,USDCHF
2023-07-26,141.008,141.182,139.921,140.235,D1,USDJPY
2023-07-27,1.6374,1.64073,1.62787,1.63599,D1,EURAUD
2023-07-27,1.4633,1.47011,1.44889,1.45127,D1,EURCAD
2023-07-27,0.85625,0.85994,0.85442,0.85783,D1,EURGBP
2023-07-27,155.319,156.236,152.189,153.109,D1,EURJPY
2023-07-27,1.10856,1.11497,1.09659,1.09765,D1,EURUSD
2023-07-27,1.91489,1.91526,1.90133,1.90701,D1,GBPAUD
2023-07-27,1.70834,1.7109,1.69167,1.69175,D1,GBPCAD
2023-07-27,181.286,181.925,177.407,178.429,D1,GBPJPY
2023-07-27,1.2941,1.29958,1.27817,1.27955,D1,GBPUSD
2023-07-27,1.32051,1.32432,1.31581,1.32229,D1,USDCAD
2023-07-27,0.86001,0.86983,0.85522,0.86876,D1,USDCHF
2023-07-27,140.169,141.32,138.765,139.491,D1,USDJPY
2023-07-28,1.63569,1.65792,1.63465,1.65653,D1,EURAUD
2023-07-28,1.45127,1.46178,1.44842,1.45957,D1,EURCAD
2023-07-28,0.85752,0.85894,0.85497,0.85686,D1,EURGBP
2023-07-28,152.983,155.605,151.402,155.491,D1,EURJPY
2023-07-28,1.09762,1.10477,1.09437,1.10141,D1,EURUSD
2023-07-28,1.90694,1.93387,1.90266,1.93256,D1,GBPAUD
2023-07-28,1.69171,1.70464,1.68859,1.70249,D1,GBPCAD
2023-07-28,178.47,181.489,176.305,181.37,D1,GBPJPY
2023-07-28,1.27938,1.28882,1.27629,1.28457,D1,GBPUSD
2023-07-28,1.32208,1.32515,1.32003,1.32515,D1,USDCAD
2023-07-28,0.8685,0.87364,0.86608,0.87026,D1,USDCHF
2023-07-28,139.455,141.177,138.06,141.158,D1,USDJPY
2023-07-31,1.65252,1.65712,1.63533,1.63707,D1,EURAUD
2023-07-31,1.45626,1.46132,1.44836,1.4501,D1,EURCAD
2023-07-31,0.85629,0.85909,0.85564,0.8566,D1,EURGBP
2023-07-31,155.193,157.282,155.11,156.48,D1,EURJPY
2023-07-31,1.1023,1.10459,1.09932,1.09964,D1,EURUSD
2023-07-31,1.9253,1.93219,1.90771,1.9099,D1,GBPAUD
2023-07-31,1.69828,1.70418,1.691,1.6921,D1,GBPCAD
2023-07-31,180.929,183.186,180.866,182.607,D1,GBPJPY
2023-07-31,1.28328,1.28723,1.28283,1.28343,D1,GBPUSD
2023-07-31,1.32277,1.32614,1.3151,1.31874,D1,USDCAD
2023-07-31,0.86744,0.87297,0.86652,0.8715,D1,USDCHF
2023-07-31,140.945,142.688,140.688,142.276,D1,USDJPY
2023-08-01,1.63705,1.66164,1.63197,1.6606,D1,EURAUD
2023-08-01,1.44982,1.45962,1.44799,1.4585,D1,EURCAD
2023-08-01,0.85612,0.86068,0.85506,0.8596,D1,EURGBP
2023-08-01,156.49,157.488,156.142,157.425,D1,EURJPY
2023-08-01,1.09966,1.10029,1.09525,1.09842,D1,EURUSD
2023-08-01,1.90782,1.93451,1.90492,1.93182,D1,GBPAUD
2023-08-01,1.69225,1.70112,1.69127,1.696,D1,GBPCAD
2023-08-01,182.642,183.25,182.439,183.09,D1,GBPJPY
2023-08-01,1.28343,1.28407,1.27412,1.2774,D1,GBPUSD
2023-08-01,1.31831,1.32999,1.3178,1.3279,D1,USDCAD
2023-08-01,0.87091,0.87777,0.87017,0.87502,D1,USDCHF
2023-08-01,142.287,143.542,142.204,143.32,D1,USDJPY
2023-08-02,1.66001,1.67333,1.65817,1.67277,D1,EURAUD
2023-08-02,1.45806,1.4629,1.45508,1.46013,D1,EURCAD
2023-08-02,0.85896,0.8629,0.85779,0.86039,D1,EURGBP
2023-08-02,157.446,157.498,156.251,156.76,D1,EURJPY
2023-08-02,1.09816,1.10187,1.09178,1.09379,D1,EURUSD
2023-08-02,1.93164,1.94534,1.92821,1.94396,D1,GBPAUD
2023-08-02,1.69581,1.70354,1.69061,1.69684,D1,GBPCAD
2023-08-02,183.065,183.126,181.749,182.177,D1,GBPJPY
2023-08-02,1.27746,1.28049,1.26801,1.2709,D1,GBPUSD
2023-08-02,1.32726,1.33526,1.32628,1.3349,D1,USDCAD
2023-08-02,0.87504,0.88057,0.87148,0.87739,D1,USDCHF
2023-08-02,143.317,143.475,142.229,143.321,D1,USDJPY
2023-08-03,1.67251,1.67669,1.66869,1.6712,D1,EURAUD
2023-08-03,1.46004,1.46321,1.45752,1.4617,D1,EURCAD
2023-08-03,0.86035,0.86554,0.8583,0.86143,D1,EURGBP
2023-08-03,156.755,157.234,155.53,156.06,D1,EURJPY
2023-08-03,1.09371,1.09628,1.09124,1.0948,D1,EURUSD
2023-08-03,1.94405,1.94714,1.93414,1.9392,D1,GBPAUD
2023-08-03,1.6967,1.69882,1.68726,1.696,D1,GBPCAD
2023-08-03,182.168,182.76,180.424,181.164,D1,GBPJPY
2023-08-03,1.27106,1.27277,1.262,1.27079,D1,GBPUSD
2023-08-03,1.33467,1.33777,1.33287,1.3352,D1,USDCAD
2023-08-03,0.87723,0.87986,0.87327,0.87407,D1,USDCHF
2023-08-03,143.323,143.888,142.064,142.56,D1,USDJPY
2023-08-04,1.66775,1.67678,1.66369,1.67503,D1,EURAUD
2023-08-04,1.46196,1.47447,1.45945,1.47244,D1,EURCAD
2023-08-04,0.86062,0.8648,0.86009,0.86302,D1,EURGBP
2023-08-04,155.943,156.627,155.855,155.905,D1,EURJPY
2023-08-04,1.0949,1.10421,1.09293,1.10055,D1,EURUSD
2023-08-04,1.93601,1.94161,1.93318,1.93849,D1,GBPAUD
2023-08-04,1.69695,1.70721,1.69541,1.70382,D1,GBPCAD
2023-08-04,181.238,181.739,180.547,180.693,D1,GBPJPY
2023-08-04,1.27125,1.27921,1.26826,1.27443,D1,GBPUSD
2023-08-04,1.33497,1.3394,1.33191,1.33787,D1,USDCAD
2023-08-04,0.87394,0.87824,0.86992,0.87266,D1,USDCHF
2023-08-04,142.535,142.895,141.549,141.702,D1,USDJPY
2023-08-07,1.67435,1.67687,1.66853,1.67358,D1,EURAUD
2023-08-07,1.47073,1.47362,1.46747,1.47092,D1,EURCAD
2023-08-07,0.86236,0.86362,0.86046,0.86046,D1,EURGBP
2023-08-07,155.996,156.85,155.802,156.767,D1,EURJPY
2023-08-07,1.10111,1.1016,1.09655,1.10021,D1,EURUSD
2023-08-07,1.9366,1.94647,1.93328,1.94454,D1,GBPAUD
2023-08-07,1.70109,1.70937,1.70018,1.70888,D1,GBPCAD
2023-08-07,180.437,182.189,180.433,182.139,D1,GBPJPY
2023-08-07,1.2753,1.27889,1.27129,1.27827,D1,GBPUSD
2023-08-07,1.33568,1.33993,1.33518,1.33683,D1,USDCAD
2023-08-07,0.87031,0.87735,0.87006,0.87278,D1,USDCHF
2023-08-07,141.634,142.583,141.51,142.478,D1,USDJPY
2023-08-08,1.67457,1.68606,1.67269,1.67412,D1,EURAUD
2023-08-08,1.47074,1.47703,1.46904,1.47001,D1,EURCAD
2023-08-08,0.86042,0.86256,0.85924,0.85924,D1,EURGBP
2023-08-08,156.77,157.741,156.34,157.092,D1,EURJPY
2023-08-08,1.10026,1.10112,1.09292,1.09556,D1,EURUSD
2023-08-08,1.94454,1.95632,1.94227,1.94789,D1,GBPAUD
2023-08-08,1.70898,1.7147,1.70582,1.71034,D1,GBPCAD
2023-08-08,182.137,182.955,181.371,182.756,D1,GBPJPY
2023-08-08,1.27829,1.27851,1.2684,1.27472,D1,GBPUSD
2023-08-08,1.33681,1.35021,1.33585,1.34174,D1,USDCAD
2023-08-08,0.87258,0.87827,0.87201,0.87551,D1,USDCHF
2023-08-08,142.489,143.49,142.397,143.364,D1,USDJPY
2023-08-09,1.67412,1.68378,1.67046,1.68089,D1,EURAUD
2023-08-09,1.46974,1.47693,1.46742,1.47221,D1,EURCAD
2023-08-09,0.85901,0.86346,0.85872,0.86267,D1,EURGBP
2023-08-09,157.036,157.9,156.748,157.744,D1,EURJPY
2023-08-09,1.09556,1.09954,1.09445,1.09734,D1,EURUSD
2023-08-09,1.94766,1.95158,1.94151,1.94801,D1,GBPAUD
2023-08-09,1.7104,1.71361,1.70578,1.70637,D1,GBPCAD
2023-08-09,182.755,183.019,182.3,182.796,D1,GBPJPY
2023-08-09,1.27446,1.2782,1.27119,1.27181,D1,GBPUSD
2023-08-09,1.34159,1.3454,1.34041,1.34161,D1,USDCAD
2023-08-09,0.87548,0.87828,0.87318,0.87725,D1,USDCHF
2023-08-09,143.358,143.748,142.996,143.713,D1,USDJPY
2023-08-10,1.67921,1.68541,1.67106,1.68532,D1,EURAUD
2023-08-10,1.4723,1.4797,1.47109,1.47659,D1,EURCAD
2023-08-10,0.86176,0.86658,0.86118,0.86624,D1,EURGBP
2023-08-10,157.745,159.208,157.452,158.959,D1,EURJPY
2023-08-10,1.09739,1.10653,1.09651,1.09805,D1,EURUSD
2023-08-10,1.94617,1.94879,1.9371,1.94529,D1,GBPAUD
2023-08-10,1.706,1.71411,1.70231,1.70452,D1,GBPCAD
2023-08-10,182.723,184.242,182.611,183.454,D1,GBPJPY
2023-08-10,1.27167,1.28188,1.26693,1.26756,D1,GBPUSD
2023-08-10,1.34209,1.345,1.3372,1.34473,D1,USDCAD
2023-08-10,0.87706,0.8776,0.86899,0.87677,D1,USDCHF
2023-08-10,143.714,144.814,143.28,144.735,D1,USDJPY
2023-08-11,1.68507,1.68843,1.68219,1.68495,D1,EURAUD
2023-08-11,1.47561,1.48013,1.47052,1.47133,D1,EURCAD
2023-08-11,0.86585,0.86689,0.86179,0.86209,D1,EURGBP
2023-08-11,158.958,159.218,158.435,158.666,D1,EURJPY
2023-08-11,1.09799,1.10049,1.09431,1.09451,D1,EURUSD
2023-08-11,1.94371,1.95629,1.94056,1.95384,D1,GBPAUD
2023-08-11,1.70346,1.71219,1.70138,1.70605,D1,GBPCAD
2023-08-11,183.45,184.23,183.229,184.018,D1,GBPJPY
2023-08-11,1.26737,1.27385,1.26618,1.26918,D1,GBPUSD
2023-08-11,1.34388,1.34658,1.34123,1.34439,D1,USDCAD
2023-08-11,0.87574,0.87807,0.87347,0.87613,D1,USDCHF
2023-08-11,144.735,144.999,144.416,144.942,D1,USDJPY
2023-08-14,1.68383,1.69304,1.67963,1.68101,D1,EURAUD
2023-08-14,1.47062,1.47392,1.46557,1.46783,D1,EURCAD
2023-08-14,0.8626,0.86326,0.85908,0.85947,D1,EURGBP
2023-08-14,158.577,158.834,158.189,158.745,D1,EURJPY
2023-08-14,1.09492,1.09602,1.08744,1.09052,D1,EURUSD
2023-08-14,1.95231,1.96206,1.9506,1.95492,D1,GBPAUD
2023-08-14,1.70474,1.70943,1.70039,1.70694,D1,GBPCAD
2023-08-14,183.786,184.728,183.461,184.601,D1,GBPJPY
2023-08-14,1.2697,1.27148,1.26164,1.26811,D1,GBPUSD
2023-08-14,1.3438,1.34797,1.34304,1.34598,D1,USDCAD
2023-08-14,0.87444,0.88277,0.87424,0.87825,D1,USDCHF
2023-08-14,144.899,145.577,144.651,145.54,D1,USDJPY
2023-08-15,1.68099,1.69123,1.67393,1.68902,D1,EURAUD
2023-08-15,1.46755,1.47602,1.46574,1.472,D1,EURCAD
2023-08-15,0.85942,0.86098,0.8574,0.8581,D1,EURGBP
2023-08-15,158.746,159.334,158.326,158.731,D1,EURJPY
2023-08-15,1.09028,1.09525,1.08967,1.09043,D1,EURUSD
2023-08-15,1.95387,1.96854,1.9491,1.96796,D1,GBPAUD
2023-08-15,1.70561,1.71868,1.70535,1.71503,D1,GBPCAD
2023-08-15,184.478,185.322,184.286,184.917,D1,GBPJPY
2023-08-15,1.26783,1.27523,1.26667,1.27033,D1,GBPUSD
2023-08-15,1.34593,1.35014,1.34394,1.34968,D1,USDCAD
2023-08-15,0.87781,0.87969,0.87441,0.87842,D1,USDCHF
2023-08-15,145.544,145.864,145.101,145.561,D1,USDJPY
2023-08-16,1.68899,1.69556,1.68634,1.69339,D1,EURAUD
2023-08-16,1.47194,1.47604,1.47048,1.47206,D1,EURCAD
2023-08-16,0.85844,0.85931,0.85436,0.85449,D1,EURGBP
2023-08-16,158.653,159.253,158.565,159.212,D1,EURJPY
2023-08-16,1.09042,1.09346,1.08716,1.08788,D1,EURUSD
2023-08-16,1.9682,1.98192,1.96136,1.98168,D1,GBPAUD
2023-08-16,1.71476,1.72459,1.71261,1.72268,D1,GBPCAD
2023-08-16,184.965,186.334,184.689,186.309,D1,GBPJPY
2023-08-16,1.27033,1.27662,1.26847,1.27305,D1,GBPUSD
2023-08-16,1.34945,1.35451,1.34752,1.35316,D1,USDCAD
2023-08-16,0.87739,0.88142,0.87696,0.87994,D1,USDCHF
2023-08-16,145.556,146.406,145.307,146.342,D1,USDJPY
2023-08-17,1.69338,1.7064,1.69104,1.69771,D1,EURAUD
2023-08-17,1.47209,1.47422,1.46906,1.47256,D1,EURCAD
2023-08-17,0.85409,0.85574,0.85232,0.85295,D1,EURGBP
2023-08-17,159.128,159.296,158.251,158.574,D1,EURJPY
2023-08-17,1.08789,1.09185,1.08561,1.08717,D1,EURUSD
2023-08-17,1.97885,1.99717,1.97444,1.99039,D1,GBPAUD
2023-08-17,1.72187,1.7268,1.7181,1.72629,D1,GBPCAD
2023-08-17,186.11,186.468,185.553,185.875,D1,GBPJPY
2023-08-17,1.27304,1.27873,1.27023,1.27459,D1,GBPUSD
2023-08-17,1.35314,1.35526,1.34962,1.35443,D1,USDCAD
2023-08-17,0.88005,0.88095,0.87596,0.87832,D1,USDCHF
2023-08-17,146.333,146.561,145.621,145.824,D1,USDJPY
2023-08-18,1.69508,1.70154,1.6941,1.69682,D1,EURAUD
2023-08-18,1.47102,1.47586,1.46805,1.47314,D1,EURCAD
2023-08-18,0.85285,0.85577,0.85164,0.8533,D1,EURGBP
2023-08-18,158.524,158.562,157.653,158.03,D1,EURJPY
2023-08-18,1.08716,1.08938,1.08451,1.08696,D1,EURUSD
2023-08-18,1.99034,1.99265,1.98265,1.98761,D1,GBPAUD
2023-08-18,1.72462,1.72816,1.7208,1.72549,D1,GBPCAD
2023-08-18,185.881,185.903,184.547,185.114,D1,GBPJPY
2023-08-18,1.27454,1.27657,1.26888,1.27309,D1,GBPUSD
2023-08-18,1.35436,1.35749,1.35214,1.35502,D1,USDCAD
2023-08-18,0.87792,0.88272,0.87545,0.88215,D1,USDCHF
2023-08-18,145.82,145.862,144.927,145.373,D1,USDJPY
2023-08-21,1.69393,1.70399,1.69393,1.69849,D1,EURAUD
2023-08-21,1.47129,1.4785,1.47117,1.47562,D1,EURCAD
2023-08-21,0.8538,0.85631,0.85268,0.85414,D1,EURGBP
2023-08-21,157.705,159.393,157.705,159.304,D1,EURJPY
2023-08-21,1.08671,1.09137,1.08634,1.08949,D1,EURUSD
2023-08-21,1.98393,1.99292,1.9835,1.98852,D1,GBPAUD
2023-08-21,1.7244,1.72966,1.72008,1.72763,D1,GBPCAD
2023-08-21,184.884,186.656,184.88,186.504,D1,GBPJPY
2023-08-21,1.2733,1.27666,1.27101,1.27554,D1,GBPUSD
2023-08-21,1.3546,1.35726,1.3496,1.35438,D1,USDCAD
2023-08-21,0.88093,0.8827,0.87797,0.8784,D1,USDCHF
2023-08-21,145.303,146.404,145.14,146.21,D1,USDJPY
2023-08-22,1.69843,1.70203,1.68664,1.68839,D1,EURAUD
2023-08-22,1.47562,1.47842,1.46871,1.4695,D1,EURCAD
2023-08-22,0.85373,0.85456,0.85135,0.85173,D1,EURGBP
2023-08-22,159.257,159.489,158.085,158.216,D1,EURJPY
2023-08-22,1.08949,1.09305,1.08329,1.08452,D1,EURUSD
2023-08-22,1.98895,1.99247,1.97785,1.98208,D1,GBPAUD
2023-08-22,1.72722,1.73147,1.72278,1.72505,D1,GBPCAD
2023-08-22,186.388,186.765,185.526,185.74,D1,GBPJPY
2023-08-22,1.27471,1.28003,1.27183,1.27313,D1,GBPUSD
2023-08-22,1.35442,1.35649,1.35129,1.3549,D1,USDCAD
2023-08-22,0.87821,0.88094,0.87649,0.88038,D1,USDCHF
2023-08-22,146.207,146.4,145.497,145.88,D1,USDJPY
2023-08-23,1.6885,1.68995,1.67573,1.6761,D1,EURAUD
2023-08-23,1.46933,1.4736,1.46538,1.46916,D1,EURCAD
2023-08-23,0.85173,0.85658,0.84925,0.85352,D1,EURGBP
2023-08-23,158.232,158.373,156.869,157.343,D1,EURJPY
2023-08-23,1.08448,1.08715,1.08026,1.08627,D1,EURUSD
2023-08-23,1.98211,1.98485,1.96107,1.96304,D1,GBPAUD
2023-08-23,1.72393,1.72881,1.71215,1.72096,D1,GBPCAD
2023-08-23,185.721,185.94,183.367,184.325,D1,GBPJPY
2023-08-23,1.2732,1.27646,1.26145,1.2725,D1,GBPUSD
2023-08-23,1.35405,1.36038,1.35203,1.35235,D1,USDCAD
2023-08-23,0.87941,0.88174,0.87734,0.87785,D1,USDCHF
2023-08-23,145.88,145.882,144.538,144.822,D1,USDJPY
2023-08-24,1.67642,1.68549,1.67458,1.68443,D1,EURAUD
2023-08-24,1.46902,1.47196,1.46601,1.4681,D1,EURCAD
2023-08-24,0.85349,0.85819,0.85331,0.8578,D1,EURGBP
2023-08-24,157.29,158.044,157.108,157.661,D1,EURJPY
2023-08-24,1.08631,1.08767,1.0805,1.08096,D1,EURUSD
2023-08-24,1.96301,1.96753,1.95776,1.96328,D1,GBPAUD
2023-08-24,1.72021,1.72108,1.70985,1.7113,D1,GBPCAD
2023-08-24,184.096,184.768,183.594,183.719,D1,GBPJPY
2023-08-24,1.27158,1.27284,1.25906,1.26005,D1,GBPUSD
2023-08-24,1.3523,1.35891,1.35099,1.35808,D1,USDCAD
2023-08-24,0.87782,0.88513,0.87596,0.88436,D1,USDCHF
2023-08-24,144.813,145.961,144.602,145.814,D1,USDJPY
2023-08-25,1.68316,1.68891,1.67752,1.68546,D1,EURAUD
2023-08-25,1.46734,1.47202,1.46279,1.46841,D1,EURCAD
2023-08-25,0.85792,0.85855,0.85604,0.85776,D1,EURGBP
2023-08-25,157.614,158.245,157.229,158.009,D1,EURJPY
2023-08-25,1.08086,1.0842,1.07656,1.07944,D1,EURUSD
2023-08-25,1.96209,1.96871,1.95845,1.96398,D1,GBPAUD
2023-08-25,1.71052,1.71841,1.70757,1.71105,D1,GBPCAD
2023-08-25,183.717,184.405,183.352,184.145,D1,GBPJPY
2023-08-25,1.25961,1.26551,1.25477,1.25768,D1,GBPUSD
2023-08-25,1.35772,1.36398,1.35686,1.36043,D1,USDCAD
2023-08-25,0.88416,0.88762,0.88215,0.88435,D1,USDCHF
2023-08-25,145.814,146.635,145.716,146.395,D1,USDJPY
2023-08-28,1.6854,1.68843,1.67828,1.68262,D1,EURAUD
2023-08-28,1.4666,1.47173,1.46595,1.47122,D1,EURCAD
2023-08-28,0.85738,0.8599,0.85676,0.85852,D1,EURGBP
2023-08-28,157.926,158.564,157.923,158.511,D1,EURJPY
2023-08-28,1.07958,1.08223,1.07928,1.08182,D1,EURUSD
2023-08-28,1.96257,1.96406,1.95688,1.95984,D1,GBPAUD
2023-08-28,1.70794,1.71463,1.7069,1.71363,D1,GBPCAD
2023-08-28,184.052,184.702,184.044,184.65,D1,GBPJPY
2023-08-28,1.25693,1.26107,1.25653,1.2601,D1,GBPUSD
2023-08-28,1.35865,1.36118,1.35701,1.35978,D1,USDCAD
2023-08-28,0.8835,0.88537,0.88181,0.88375,D1,USDCHF
2023-08-28,146.43,146.745,146.273,146.529,D1,USDJPY
2023-08-29,1.68261,1.68564,1.67528,1.67872,D1,EURAUD
2023-08-29,1.47119,1.47657,1.46867,1.47431,D1,EURCAD
2023-08-29,0.85838,0.86102,0.85651,0.86034,D1,EURGBP
2023-08-29,158.517,159.061,158.242,158.71,D1,EURJPY
2023-08-29,1.08186,1.0892,1.07822,1.08793,D1,EURUSD
2023-08-29,1.95963,1.96379,1.95017,1.95087,D1,GBPAUD
2023-08-29,1.71359,1.71869,1.71024,1.71332,D1,GBPCAD
2023-08-29,184.658,185.262,184.066,184.431,D1,GBPJPY
2023-08-29,1.26004,1.26546,1.25626,1.26433,D1,GBPUSD
2023-08-29,1.35872,1.36373,1.35491,1.35514,D1,USDCAD
2023-08-29,0.88295,0.88589,0.87747,0.87834,D1,USDCHF
2023-08-29,146.526,147.375,145.667,145.868,D1,USDJPY
2023-08-30,1.67745,1.68503,1.67584,1.68052,D1,EURAUD
2023-08-30,1.47406,1.47591,1.47242,1.47482,D1,EURCAD
2023-08-30,0.86028,0.86106,0.85944,0.86035,D1,EURGBP
2023-08-30,158.7,159.136,158.14,159.109,D1,EURJPY
2023-08-30,1.08796,1.08848,1.08557,1.08717,D1,EURUSD
2023-08-30,1.94912,1.95879,1.94702,1.95329,D1,GBPAUD
2023-08-30,1.71331,1.71513,1.71201,1.71427,D1,GBPCAD
2023-08-30,184.431,184.971,183.997,184.939,D1,GBPJPY
2023-08-30,1.26433,1.26495,1.26187,1.26357,D1,GBPUSD
2023-08-30,1.3551,1.35766,1.35482,1.35656,D1,USDCAD
2023-08-30,0.87793,0.87974,0.87713,0.87876,D1,USDCHF
2023-08-30,145.868,146.374,145.686,146.347,D1,USDJPY
